"flat_name","flat_number","bedrooms","lmk_key","full_address","postcode","energy_rating_current","energy_rating_potential","property_type","inspection_date","lodgement_date","transaction_type","environment_impact_current","environment_impact_potential","energy_consumption_current","energy_consumption_potential","co2_emissions_current","co2_emiss_curr_per_floor_area","co2_emissions_potential","lighting_cost_current","lighting_cost_potential","heating_cost_current","heating_cost_potential","hot_water_cost_current","hot_water_cost_potential","total_floor_area","energy_tariff","main_gas","floor_level","flat_storey_count","flat_top_storey","built_form","conservatory_type","multi_glaze_proportion","glazed_type","extension_count","glazed_area","number_habitable_rooms","number_heated_rooms","low_energy_lighting","number_open_fireplaces","scheme","language_code","hotwater_description","hot_water_energy_eff","hot_water_env_eff","floor_description","floor_energy_eff","floor_env_eff","windows_description","windows_energy_eff","windows_env_eff","walls_description","walls_energy_eff","walls_env_eff","secondheat_description","sheating_energy_eff","sheating_env_eff","roof_description","roof_energy_eff","roof_env_eff","mainheat_description","mainheat_energy_eff","mainheat_env_eff","mainheatcont_description","mainheatc_energy_eff","mainheatc_env_eff","lighting_description","lighting_energy_eff","lighting_env_eff","wind_turbine_count","heat_loss_corridoor","unheated_corridor_length","floor_heat_loss","photo_supply","solar_water_heating","mechanical_ventilation","walls_energy_level","roof_energy_level","mainheat_energy_level","windows_energy_level","hot_water_energy_level","floor_level_level"
"flat_1",1,1,299783420090609,"FLAT 1 LAKESIDE APARTMENTS UNIVERSITY OF WARWICK COVENTRY CV4 7AL","CV4 7AL",81,85,"Flat","2009-06-09","2009-06-09","rental (private)",80,83,166,140,1.4,28,1.2,43,27,206,195,81,69,57.9,"Single","Y","Ground",2,"N","Mid-Terrace","no conservatory",100,"double glazing installed before 2002",0,"Normal",2,2,40,0,"Elmhurst Energy Systems",1,"From main system","good","Good","Solid, limited insulation (assumed)",NA,NA,"Fully double glazed","average","Average","Cavity wall, as built, insulated (assumed)","good","Good","None",NA,NA,"(another dwelling above)",NA,NA,"Boiler and radiators, mains gas","Good","Good","Programmer, room thermostat and TRVs","average","Average","Low energy lighting in 40% of fixed outlets","Poor","Average",NA,"heated corridor",NA,"Ground floor",0,"N","natural",4,NA,3,3,4,0
"flat_2",2,1,299878220090609,"FLAT 2 LAKESIDE APARTMENTS UNIVERSITY OF WARWICK COVENTRY CV4 7AL","CV4 7AL",82,85,"Flat","2009-06-09","2009-06-09","rental (private)",81,83,164,140,1.4,27,1.2,38,27,207,195,81,69,57.9,"Single","Y","Ground",2,"N","Mid-Terrace","no conservatory",100,"double glazing installed before 2002",0,"Normal",2,2,60,0,"Elmhurst Energy Systems",1,"From main system","good","Good","Solid, limited insulation (assumed)",NA,NA,"Fully double glazed","average","Average","Cavity wall, as built, insulated (assumed)","good","Good","None",NA,NA,"(another dwelling above)",NA,NA,"Boiler and radiators, mains gas","Good","Good","Programmer, room thermostat and TRVs","average","Average","Low energy lighting in 60% of fixed outlets","Poor","Good",NA,"heated corridor",NA,"Ground floor",0,"N","natural",4,NA,3,3,4,0
"flat_3",3,1,299973220090611,"FLAT 3 LAKESIDE APARTMENTS UNIVERSITY OF WARWICK COVENTRY CV4 7AL","CV4 7AL",83,85,"Flat","2009-06-11","2009-06-11","rental (private)",81,84,157,137,1.3,26,1.2,32,32,201,188,81,69,57.9,"Single","Y","1st",2,"Y","Mid-Terrace","no conservatory",100,"double glazing installed before 2002",0,"Normal",2,2,80,0,"Elmhurst Energy Systems",1,"From main system","good","Good","(other premises below)",NA,NA,"Fully double glazed","average","Average","Cavity wall, as built, insulated (assumed)","good","Good","None",NA,NA,"Pitched, 200 mm loft insulation","good","Good","Boiler and radiators, mains gas","Good","Good","Programmer, room thermostat and TRVs","average","Average","Low energy lighting in 80% of fixed outlets","Poor","Very Good",NA,"heated corridor",NA,"Other flat below",0,"N","natural",4,4,3,3,4,1
"flat_4",4,1,299744020090611,"FLAT 4 LAKESIDE APARTMENTS UNIVERSITY OF WARWICK COVENTRY CV4 7AL","CV4 7AL",83,85,"Flat","2009-06-11","2009-06-11","rental (private)",81,84,156,136,1.3,26,1.2,31,31,201,188,81,69,57.9,"Single","Y","1st",2,"Y","Mid-Terrace","no conservatory",100,"double glazing installed before 2002",0,"Normal",2,2,85,0,"Elmhurst Energy Systems",1,"From main system","good","Good","(other premises below)",NA,NA,"Fully double glazed","average","Average","Cavity wall, as built, insulated (assumed)","good","Good","None",NA,NA,"Pitched, 200 mm loft insulation","good","Good","Boiler and radiators, mains gas","Good","Good","Programmer, room thermostat and TRVs","average","Average","Low energy lighting in 85% of fixed outlets","Poor","Very Good",NA,"heated corridor",NA,"Other flat below",0,"N","natural",4,4,3,3,4,1
"flat_5",5,2,300297520090609,"FLAT 5 LAKESIDE APARTMENTS UNIVERSITY OF WARWICK COVENTRY CV4 7AL","CV4 7AL",84,84,"Flat","2009-06-09","2009-06-09","rental (private)",82,82,130,130,1.5,22,1.5,37,37,225,225,83,83,71.3,"Single","Y","Ground",2,"N","Mid-Terrace","no conservatory",100,"double glazing, unknown install date",0,"Normal",3,3,100,0,"Elmhurst Energy Systems",1,"From main system","very_good","Very Good","Solid, limited insulation (assumed)",NA,NA,"Fully double glazed","average","Average","Cavity wall, as built, insulated (assumed)","good","Good","None",NA,NA,"(another dwelling above)",NA,NA,"Boiler and radiators, mains gas","Very Good","Very Good","Programmer, room thermostat and TRVs","average","Average","Low energy lighting in all fixed outlets","Poor","Very Good",NA,"heated corridor",NA,"Ground floor",0,"N","natural",4,NA,3,3,5,0
"flat_6",6,2,299817720090609,"FLAT 6 LAKESIDE APPARTMENTS UNIVERSITY OF WARWICK GIBBET HILL ROAD COVENTRY CV4 7AL","CV4 7AL",82,84,"Flat","2009-06-09","2009-06-09","rental (private)",80,82,149,130,1.8,25,1.5,37,37,244,225,96,82,71.3,"Single","Y","Ground",2,"N","Mid-Terrace","no conservatory",100,"double glazing installed before 2002",0,"Normal",3,3,100,0,"Elmhurst Energy Systems",1,"From main system","good","Good","Solid, limited insulation (assumed)",NA,NA,"Fully double glazed","average","Average","Cavity wall, as built, insulated (assumed)","good","Good","None",NA,NA,"(another dwelling above)",NA,NA,"Boiler and radiators, mains gas","Good","Good","Programmer, room thermostat and TRVs","average","Average","Low energy lighting in all fixed outlets","Poor","Very Good",NA,"heated corridor",NA,"Ground floor",0,"N","natural",4,NA,3,3,4,0
"flat_7",7,2,300068120090611,"FLAT 7 LAKESIDE APARTMENTS UNIVERSITY OF WARWICK COVENTRY CV4 7AL","CV4 7AL",82,84,"Flat","2009-06-11","2009-06-11","rental (private)",80,83,144,126,1.7,24,1.5,43,43,233,215,96,82,71.3,"Single","Y","1st",2,"Y","Mid-Terrace","no conservatory",100,"double glazing installed before 2002",0,"Normal",4,4,85,0,"Elmhurst Energy Systems",1,"From main system","good","Good","(other premises below)",NA,NA,"Fully double glazed","average","Average","Cavity wall, as built, insulated (assumed)","good","Good","None",NA,NA,"Pitched, 200 mm loft insulation","good","Good","Boiler and radiators, mains gas","Good","Good","Programmer, room thermostat and TRVs","average","Average","Low energy lighting in 85% of fixed outlets","Poor","Very Good",NA,"heated corridor",NA,"Other flat below",0,"N","natural",4,4,3,3,4,1
"flat_8",8,2,300392420090611,"FLAT 8 LAKESIDE APARTMENTS UNIVERSITY OF WARWICK COVENTRY CV4 7AL","CV4 7AL",82,84,"Flat","2009-06-11","2009-06-11","rental (private)",80,83,145,127,1.7,24,1.5,43,43,234,216,96,82,71.3,"Single","Y","1st",2,"Y","Mid-Terrace","no conservatory",100,"double glazing installed before 2002",0,"Normal",3,3,85,0,"Elmhurst Energy Systems",1,"From main system","good","Good","(other premises below)",NA,NA,"Fully double glazed","average","Average","Cavity wall, as built, insulated (assumed)","good","Good","None",NA,NA,"Pitched, 200 mm loft insulation","good","Good","Boiler and radiators, mains gas","Good","Good","Programmer, room thermostat and TRVs","average","Average","Low energy lighting in 85% of fixed outlets","Poor","Very Good",NA,"heated corridor",NA,"Other flat below",0,"N","natural",4,4,3,3,4,1
"flat_9",9,2,300163020090609,"FLAT 9 LAKESIDE APARTMENTS UNIVERSITY OF WARWICK COVENTRY CV4 7AL","CV4 7AL",81,84,"Flat","2009-06-09","2009-06-09","rental (private)",79,82,151,129,1.8,25,1.5,48,37,241,224,96,82,71.3,"Single","Y","Ground",2,"N","Mid-Terrace","no conservatory",100,"double glazing, unknown install date",0,"Normal",4,4,72,0,"Elmhurst Energy Systems",1,"From main system","good","Good","Solid, limited insulation (assumed)",NA,NA,"Fully double glazed","average","Average","Cavity wall, as built, insulated (assumed)","good","Good","None",NA,NA,"(another dwelling above)",NA,NA,"Boiler and radiators, mains gas","Good","Good","Programmer, room thermostat and TRVs","average","Average","Low energy lighting in 72% of fixed outlets","Poor","Very Good",NA,"heated corridor",NA,"Ground floor",0,"N","natural",4,NA,3,3,4,0
"flat_10",10,2,300179620090609,"FLAT 10 LAKESIDE APARTMENTS UNIVERSITY OF WARWICK COVENTRY CV4 7AL","CV4 7AL",81,84,"Flat","2009-06-09","2009-06-09","rental (private)",79,82,153,130,1.8,25,1.5,53,37,242,225,96,82,71.3,"Single","Y","Ground",2,"N","Mid-Terrace","no conservatory",100,"double glazing, unknown install date",0,"Normal",3,3,58,0,"Elmhurst Energy Systems",1,"From main system","good","Good","Solid, limited insulation (assumed)",NA,NA,"Fully double glazed","average","Average","Cavity wall, as built, insulated (assumed)","good","Good","None",NA,NA,"(another dwelling above)",NA,NA,"Boiler and radiators, mains gas","Good","Good","Programmer, room thermostat and TRVs","average","Average","Low energy lighting in 58% of fixed outlets","Poor","Good",NA,"heated corridor",NA,"Ground floor",0,"N","natural",4,NA,3,3,4,0
"flat_11",11,2,299982720090611,"FLAT 11 LAKESIDE APARTMENTS UNIVERSITY OF WARWICK COVENTRY CV4 7AL","CV4 7AL",82,84,"Flat","2009-06-11","2009-06-11","rental (private)",80,83,144,126,1.7,24,1.5,43,43,233,215,96,82,71.3,"Single","Y","1st",2,"Y","Mid-Terrace","no conservatory",100,"double glazing installed before 2002",0,"Normal",4,4,85,0,"Elmhurst Energy Systems",1,"From main system","good","Good","(other premises below)",NA,NA,"Fully double glazed","average","Average","Cavity wall, as built, insulated (assumed)","good","Good","None",NA,NA,"Pitched, 200 mm loft insulation","good","Good","Boiler and radiators, mains gas","Good","Good","Programmer, room thermostat and TRVs","average","Average","Low energy lighting in 85% of fixed outlets","Poor","Very Good",NA,"heated corridor",NA,"Other flat below",0,"N","natural",4,4,3,3,4,1
"flat_12",12,2,299848220090611,"FLAT 12 LAKESIDE APARTMENTS UNIVERSITY OF WARWICK COVENTRY CV4 7AL","CV4 7AL",82,84,"Flat","2009-06-11","2009-06-11","rental (private)",80,83,145,127,1.7,24,1.5,43,43,234,216,96,82,71.3,"Single","Y","1st",2,"Y","Mid-Terrace","no conservatory",100,"double glazing installed before 2002",0,"Normal",3,3,85,0,"Elmhurst Energy Systems",1,"From main system","good","Good","(other premises below)",NA,NA,"Fully double glazed","average","Average","Cavity wall, as built, insulated (assumed)","good","Good","None",NA,NA,"Pitched, 200 mm loft insulation","good","Good","Boiler and radiators, mains gas","Good","Good","Programmer, room thermostat and TRVs","average","Average","Low energy lighting in 85% of fixed outlets","Poor","Very Good",NA,"heated corridor",NA,"Other flat below",0,"N","natural",4,4,3,3,4,1
"flat_13",13,2,300172520090609,"FLAT 13 LAKESIDE APARTMENTS UNIVERSITY OF WARWICK COVENTRY CV4 7AL","CV4 7AL",82,84,"Flat","2009-06-09","2009-06-09","rental (private)",80,82,148,129,1.8,25,1.5,37,37,243,224,96,82,71.3,"Single","Y","Ground",2,"N","Mid-Terrace","no conservatory",100,"double glazing, unknown install date",0,"Normal",4,4,100,0,"Elmhurst Energy Systems",1,"From main system","good","Good","Solid, limited insulation (assumed)",NA,NA,"Fully double glazed","average","Average","Cavity wall, as built, insulated (assumed)","good","Good","None",NA,NA,"(another dwelling above)",NA,NA,"Boiler and radiators, mains gas","Good","Good","Programmer, room thermostat and TRVs","average","Average","Low energy lighting in all fixed outlets","Poor","Very Good",NA,"heated corridor",NA,"Ground floor",0,"N","natural",4,NA,3,3,4,0
"flat_14",14,2,299635620090609,"FLAT 14 LAKESIDE APARTMENTS UNIVERSITY OF WARWICK COVENTRY CV4 7AL","CV4 7AL",81,83,"Flat","2009-06-09","2009-06-09","rental (private)",79,82,150,131,1.8,25,1.6,43,43,244,225,96,82,71.3,"Single","Y","Ground",2,"N","Mid-Terrace","no conservatory",100,"double glazing, unknown install date",0,"Normal",3,3,85,0,"Elmhurst Energy Systems",1,"From main system","good","Good","Solid, limited insulation (assumed)",NA,NA,"Fully double glazed","average","Average","Cavity wall, as built, insulated (assumed)","good","Good","None",NA,NA,"(another dwelling above)",NA,NA,"Boiler and radiators, mains gas","Good","Good","Programmer, room thermostat and TRVs","average","Average","Low energy lighting in 85% of fixed outlets","Poor","Very Good",NA,"heated corridor",NA,"Ground floor",0,"N","natural",4,NA,3,3,4,0
"flat_15",15,2,299959820090611,"FLAT 15 LAKESIDE APARTMENTS UNIVERSITY OF WARWICK COVENTRY CV4 7AL","CV4 7AL",82,84,"Flat","2009-06-11","2009-06-11","rental (private)",81,83,143,124,1.7,24,1.5,37,37,233,216,96,82,71.3,"Single","Y","1st",2,"Y","Mid-Terrace","no conservatory",100,"double glazing installed before 2002",0,"Normal",4,4,100,0,"Elmhurst Energy Systems",1,"From main system","good","Good","(other premises below)",NA,NA,"Fully double glazed","average","Average","Cavity wall, as built, insulated (assumed)","good","Good","None",NA,NA,"Pitched, 200 mm loft insulation","good","Good","Boiler and radiators, mains gas","Good","Good","Programmer, room thermostat and TRVs","average","Average","Low energy lighting in all fixed outlets","Poor","Very Good",NA,"heated corridor",NA,"Other flat below",0,"N","natural",4,4,3,3,4,1
"flat_16",16,2,300054720090611,"FLAT 16 LAKESIDE APARTMENTS UNIVERSITY OF WARWICK COVENTRY CV4 7AL","CV4 7AL",82,84,"Flat","2009-06-11","2009-06-11","rental (private)",80,83,145,127,1.7,24,1.5,43,43,234,216,96,82,71.3,"Single","Y","1st",2,"Y","Mid-Terrace","no conservatory",100,"double glazing installed before 2002",0,"Normal",3,3,85,0,"Elmhurst Energy Systems",1,"From main system","good","Good","(other premises below)",NA,NA,"Fully double glazed","average","Average","Cavity wall, as built, insulated (assumed)","good","Good","None",NA,NA,"Pitched, 200 mm loft insulation","good","Good","Boiler and radiators, mains gas","Good","Good","Programmer, room thermostat and TRVs","average","Average","Low energy lighting in 85% of fixed outlets","Poor","Very Good",NA,"heated corridor",NA,"Other flat below",0,"N","natural",4,4,3,3,4,1
"flat_17",17,1,299825320090609,"FLAT 17 LAKESIDE APARTMENTS UNIVERSITY OF WARWICK COVENTRY CV4 7AL","CV4 7AL",82,84,"Flat","2009-06-09","2009-06-09","rental (private)",80,83,156,136,1.5,26,1.3,30,30,221,206,86,73,58,"Single","Y","Ground",2,"N","Mid-Terrace","no conservatory",100,"double glazing installed before 2002",0,"Normal",2,2,100,0,"Elmhurst Energy Systems",1,"From main system","good","Good","Solid, limited insulation (assumed)",NA,NA,"Fully double glazed","average","Average","Cavity wall, as built, insulated (assumed)","good","Good","None",NA,NA,"(another dwelling above)",NA,NA,"Boiler and radiators, mains gas","Good","Good","Programmer, room thermostat and TRVs","average","Average","Low energy lighting in all fixed outlets","Poor","Very Good",NA,"heated corridor",NA,"Ground floor",0,"N","natural",4,NA,3,3,4,0
"flat_18",18,1,300379020090609,"FLAT 18 LAKESIDE APARTMENTS UNIVERSITY OF WARWICK COVENTRY CV4 7AL","CV4 7AL",84,85,"Flat","2009-06-09","2009-06-09","rental (private)",82,84,153,133,1.3,25,1.1,26,26,195,183,80,68,49.92,"Single","Y","Ground",2,"N","Enclosed End-Terrace","no conservatory",100,"double glazing installed before 2002",0,"Normal",2,2,100,0,"Elmhurst Energy Systems",1,"From main system","good","Good","Solid, limited insulation (assumed)",NA,NA,"Fully double glazed","average","Average","Cavity wall, as built, insulated (assumed)","good","Good","None",NA,NA,"(another dwelling above)",NA,NA,"Boiler and radiators, mains gas","Good","Good","Programmer, room thermostat and TRVs","average","Average","Low energy lighting in all fixed outlets","Poor","Very Good",NA,"heated corridor",NA,"Ground floor",0,"N","natural",4,NA,3,3,4,0
"flat_19",19,1,300149520090609,"FLAT 19 LAKESIDE APARTMENTS UNIVERSITY OF WARWICK COVENTRY CV4 7AL","CV4 7AL",81,83,"Flat","2009-06-09","2009-06-09","rental (private)",79,81,170,148,1.6,28,1.4,30,30,241,222,86,73,57.84,"Single","Y","Ground",2,"N","Enclosed End-Terrace","no conservatory",100,"double glazing, unknown install date",0,"Normal",2,2,100,0,"Elmhurst Energy Systems",1,"From main system","good","Good","Solid, limited insulation (assumed)",NA,NA,"Fully double glazed","average","Average","Cavity wall, as built, insulated (assumed)","good","Good","None",NA,NA,"(another dwelling above)",NA,NA,"Boiler and radiators, mains gas","Good","Good","Programmer, room thermostat and TRVs","average","Average","Low energy lighting in all fixed outlets","Poor","Very Good",NA,"heated corridor",NA,"Ground floor",0,"N","natural",4,NA,3,3,4,0
"flat_20",20,1,299920120090609,"FLAT 20 LAKESIDE APARTMENTS UNIVERSITY OF WARWICK COVENTRY CV4 7AL","CV4 7AL",81,84,"Flat","2009-06-09","2009-06-09","rental (private)",80,83,160,135,1.5,26,1.3,45,30,214,201,85,73,57,"Single","Y","Ground",2,"N","Mid-Terrace","no conservatory",100,"double glazing, unknown install date",0,"Normal",3,3,50,0,"Elmhurst Energy Systems",1,"From main system","good","Good","Solid, limited insulation (assumed)",NA,NA,"Fully double glazed","average","Average","Cavity wall, as built, insulated (assumed)","good","Good","None",NA,NA,"(another dwelling above)",NA,NA,"Boiler and radiators, mains gas","Good","Good","Programmer, room thermostat and TRVs","average","Average","Low energy lighting in 50% of fixed outlets","Poor","Good",NA,"heated corridor",NA,"Ground floor",0,"N","natural",4,NA,3,3,4,0
"flat_21",21,1,299776320090611,"FLAT 21 LAKESIDE APARTMENTS UNIVERSITY OF WARWICK COVENTRY CV4 7AL","CV4 7AL",83,85,"Flat","2009-06-11","2009-06-11","rental (private)",81,84,151,132,1.5,25,1.3,30,30,213,199,86,73,58,"Single","Y","1st",2,"Y","Mid-Terrace","no conservatory",100,"double glazing installed before 2002",0,"Normal",2,2,100,0,"Elmhurst Energy Systems",1,"From main system","good","Good","(other premises below)",NA,NA,"Fully double glazed","average","Average","Cavity wall, as built, insulated (assumed)","good","Good","None",NA,NA,"Pitched, 200 mm loft insulation","good","Good","Boiler and radiators, mains gas","Good","Good","Programmer, room thermostat and TRVs","average","Average","Low energy lighting in all fixed outlets","Poor","Very Good",NA,"heated corridor",NA,"Other flat below",0,"N","natural",4,4,3,3,4,1
"flat_22",22,1,300221520090611,"FLAT 22 LAKESIDE APARTMENTS UNIVERSITY OF WARWICK COVENTRY CV4 7AL","CV4 7AL",84,86,"Flat","2009-06-11","2009-06-11","rental (private)",82,85,150,131,1.2,25,1.1,26,26,192,181,80,68,49.92,"Single","Y","1st",2,"Y","Enclosed End-Terrace","no conservatory",100,"double glazing installed before 2002",0,"Normal",2,2,100,0,"Elmhurst Energy Systems",1,"From main system","good","Good","(other premises below)",NA,NA,"Fully double glazed","average","Average","Cavity wall, as built, insulated (assumed)","good","Good","None",NA,NA,"Pitched, 200 mm loft insulation","good","Good","Boiler and radiators, mains gas","Good","Good","Programmer, room thermostat and TRVs","average","Average","Low energy lighting in all fixed outlets","Poor","Very Good",NA,"heated corridor",NA,"Other flat below",0,"N","natural",4,4,3,3,4,1
"flat_23",23,1,299645120090611,"FLAT 23 LAKESIDE APARTMENTS UNIVERSITY OF WARWICK COVENTRY CV4 7AL","CV4 7AL",85,86,"Flat","2009-06-11","2009-06-11","rental (private)",84,86,132,116,1.3,22,1.1,30,30,186,176,86,73,57.84,"Single","Y","1st",3,"N","Enclosed End-Terrace","no conservatory",100,"double glazing installed before 2002",0,"Normal",2,2,100,0,"Elmhurst Energy Systems",1,"From main system","good","Good","(other premises below)",NA,NA,"Fully double glazed","average","Average","Cavity wall, as built, insulated (assumed)","good","Good","None",NA,NA,"(another dwelling above)",NA,NA,"Boiler and radiators, mains gas","Good","Good","Programmer, room thermostat and TRVs","average","Average","Low energy lighting in all fixed outlets","Poor","Very Good",NA,"heated corridor",NA,"Other flat below",0,"N","natural",4,NA,3,3,4,1
"flat_24",24,1,300064220090611,"FLAT 24 LAKESIDE APARTMENTS UNIVERSITY OF WARWICK COVENTRY CV4 7AL","CV4 7AL",83,84,"Flat","2009-06-11","2009-06-11","rental (private)",81,83,153,134,1.4,25,1.3,34,34,211,197,85,73,57,"Single","Y","1st",2,"Y","Mid-Terrace","no conservatory",100,"double glazing installed before 2002",0,"Normal",2,2,85,0,"Elmhurst Energy Systems",1,"From main system","good","Good","(other premises below)",NA,NA,"Fully double glazed","average","Average","Cavity wall, as built, insulated (assumed)","good","Good","None",NA,NA,"Pitched, 200 mm loft insulation","good","Good","Boiler and radiators, mains gas","Good","Good","Programmer, room thermostat and TRVs","average","Average","Low energy lighting in 85% of fixed outlets","Poor","Very Good",NA,"heated corridor",NA,"Other flat below",0,"N","natural",4,4,3,3,4,1
"flat_25",25,1,299700420090610,"FLAT 25 LAKESIDE APARTMENTS UNIVERSITY OF WARWICK COVENTRY CV4 7AL","CV4 7AL",80,83,"Flat","2009-06-10","2009-06-10","rental (private)",79,82,184,155,1.5,30,1.3,39,26,224,210,80,68,49.92,"Single","Y","2nd",3,"Y","Enclosed End-Terrace","no conservatory",100,"double glazing installed before 2002",0,"Normal",2,2,50,0,"Elmhurst Energy Systems",1,"From main system","good","Good","(other premises below)",NA,NA,"Fully double glazed","average","Average","Cavity wall, as built, insulated (assumed)","good","Good","None",NA,NA,"Flat, insulated (assumed)","average","Average","Boiler and radiators, mains gas","Good","Good","Programmer, room thermostat and TRVs","average","Average","Low energy lighting in 50% of fixed outlets","Poor","Good",NA,"heated corridor",NA,"Other flat below",0,"N","natural",4,3,3,3,4,2
"flat_26",26,1,300303020090610,"FLAT 26 LAKESIDE APARTMENTS UNIVERSITY OF WARWICK COVENTRY CV4 7AL","CV4 7AL",70,74,"Flat","2009-06-10","2009-06-10","rental (private)",65,70,479,414,1.8,80,1.5,13,13,298,271,57,49,22,"Single","Y","2nd",3,"Y","Semi-Detached","no conservatory",100,"double glazing installed before 2002",0,"Normal",2,2,85,0,"Elmhurst Energy Systems",1,"From main system","good","Good","(other premises below)",NA,NA,"Fully double glazed","average","Average","Cavity wall, as built, insulated (assumed)","good","Good","None",NA,NA,"Flat, insulated (assumed)","average","Average","Boiler and radiators, mains gas","Good","Good","Programmer, room thermostat and TRVs","average","Average","Low energy lighting in 85% of fixed outlets","Poor","Very Good",NA,"heated corridor",NA,"Other flat below",0,"N","natural",4,3,3,3,4,2
"flat_27",27,2,300073620090609,"FLAT 27 LAKESIDE APARTMENTS UNIVERSITY OF WARWICK COVENTRY CV4 7AL","CV4 7AL",82,84,"Flat","2009-06-09","2009-06-09","rental (private)",80,82,148,129,1.8,25,1.5,37,37,243,224,96,82,71.3,"Single","Y","Ground",2,"N","Mid-Terrace","no conservatory",100,"double glazing, unknown install date",0,"Normal",4,4,100,0,"Elmhurst Energy Systems",1,"From main system","good","Good","Solid, limited insulation (assumed)",NA,NA,"Fully double glazed","average","Average","Cavity wall, as built, insulated (assumed)","good","Good","None",NA,NA,"(another dwelling above)",NA,NA,"Boiler and radiators, mains gas","Good","Good","Programmer, room thermostat and TRVs","average","Average","Low energy lighting in all fixed outlets","Poor","Very Good",NA,"heated corridor",NA,"Ground floor",0,"N","natural",4,NA,3,3,4,0
"flat_28",28,2,300145520090609,"FLAT 28 LAKESIDE APARTMENTS UNIVERSITY OF WARWICK COVENTRY CV4 7AL","CV4 7AL",81,84,"Flat","2009-06-09","2009-06-09","rental (private)",79,82,152,130,1.8,25,1.5,48,37,243,225,96,82,71.3,"Single","Y","Ground",2,"N","Mid-Terrace","no conservatory",100,"double glazing, unknown install date",0,"Normal",3,3,72,0,"Elmhurst Energy Systems",1,"From main system","good","Good","Solid, limited insulation (assumed)",NA,NA,"Fully double glazed","average","Average","Cavity wall, as built, insulated (assumed)","good","Good","None",NA,NA,"(another dwelling above)",NA,NA,"Boiler and radiators, mains gas","Good","Good","Programmer, room thermostat and TRVs","average","Average","Low energy lighting in 72% of fixed outlets","Poor","Very Good",NA,"heated corridor",NA,"Ground floor",0,"N","natural",4,NA,3,3,4,0
"flat_29",29,2,299980420090611,"FLAT 29 LAKESIDE APARTMENTS UNIVERSITY OF WARWICK COVENTRY CV4 7AL","CV4 7AL",84,84,"Flat","2009-06-11","2009-06-11","rental (private)",83,83,126,126,1.5,21,1.5,37,37,219,219,83,83,71.3,"Single","Y","1st",2,"Y","Mid-Terrace","no conservatory",85,"double glazing installed before 2002",0,"Normal",4,4,100,0,"Elmhurst Energy Systems",1,"From main system","very_good","Very Good","(other premises below)",NA,NA,"Partial double glazing","poor","Poor","Cavity wall, as built, insulated (assumed)","good","Good","None",NA,NA,"Pitched, 200 mm loft insulation","good","Good","Boiler and radiators, mains gas","Very Good","Very Good","Programmer, room thermostat and TRVs","average","Average","Low energy lighting in all fixed outlets","Poor","Very Good",NA,"heated corridor",NA,"Other flat below",0,"N","natural",4,4,3,2,5,1
"flat_30",30,2,300406120090611,"FLAT 30 LAKESIDE APARTMENTS UNIVERSITY OF WARWICK COVENTRY CV4 7AL","CV4 7AL",82,84,"Flat","2009-06-11","2009-06-11","rental (private)",80,83,143,125,1.7,24,1.5,37,37,235,217,96,82,71.3,"Single","Y","1st",2,"Y","Mid-Terrace","no conservatory",100,"double glazing installed before 2002",0,"Normal",3,3,100,0,"Elmhurst Energy Systems",1,"From main system","good","Good","(other premises below)",NA,NA,"Fully double glazed","average","Average","Cavity wall, as built, insulated (assumed)","good","Good","None",NA,NA,"Pitched, 200 mm loft insulation","good","Good","Boiler and radiators, mains gas","Good","Good","Programmer, room thermostat and TRVs","average","Average","Low energy lighting in all fixed outlets","Poor","Very Good",NA,"heated corridor",NA,"Other flat below",0,"N","natural",4,4,3,3,4,1
"flat_31",31,2,299734820090609,"FLAT 31 LAKESIDE APARTMENTS UNIVERSITY OF WARWICK COVENTRY CV4 7AL","CV4 7AL",82,84,"Flat","2009-06-09","2009-06-09","rental (private)",80,82,148,129,1.8,25,1.5,37,37,243,224,96,82,71.3,"Single","Y","Ground",2,"N","Mid-Terrace","no conservatory",100,"double glazing, unknown install date",0,"Normal",4,4,100,0,"Elmhurst Energy Systems",1,"From main system","good","Good","Solid, limited insulation (assumed)",NA,NA,"Fully double glazed","average","Average","Cavity wall, as built, insulated (assumed)","good","Good","None",NA,NA,"(another dwelling above)",NA,NA,"Boiler and radiators, mains gas","Good","Good","Programmer, room thermostat and TRVs","average","Average","Low energy lighting in all fixed outlets","Poor","Very Good",NA,"heated corridor",NA,"Ground floor",0,"N","natural",4,NA,3,3,4,0
"flat_32",32,2,299695120090609,"FLAT 32 LAKESIDE APARTMENTS UNIVERSITY OF WARWICK COVENTRY CV4 7AL","CV4 7AL",81,84,"Flat","2009-06-09","2009-06-09","rental (private)",79,82,153,130,1.8,25,1.5,54,37,242,225,96,82,71.3,"Single","Y","Ground",2,"N","Mid-Terrace","no conservatory",100,"double glazing, unknown install date",0,"Normal",3,3,57,0,"Elmhurst Energy Systems",1,"From main system","good","Good","Solid, limited insulation (assumed)",NA,NA,"Fully double glazed","average","Average","Cavity wall, as built, insulated (assumed)","good","Good","None",NA,NA,"(another dwelling above)",NA,NA,"Boiler and radiators, mains gas","Good","Good","Programmer, room thermostat and TRVs","average","Average","Low energy lighting in 57% of fixed outlets","Poor","Good",NA,"heated corridor",NA,"Ground floor",0,"N","natural",4,NA,3,3,4,0
"flat_33",33,2,300083520090611,"FLAT 33 LAKESIDE APARTMENTS UNIVERSITY OF WARWICK COVENTRY CV4 7AL","CV4 7AL",82,84,"Flat","2009-06-11","2009-06-11","rental (private)",80,82,150,131,1.8,25,1.5,37,37,247,227,96,82,71.3,"Single","Y","1st",2,"Y","Mid-Terrace","no conservatory",100,"double glazing installed before 2002",0,"Normal",3,3,100,0,"Elmhurst Energy Systems",1,"From main system","good","Good","(other premises below)",NA,NA,"Fully double glazed","average","Average","Cavity wall, as built, insulated (assumed)","good","Good","None",NA,NA,"Pitched, 200 mm loft insulation","good","Good","Boiler and radiators, mains gas","Good","Good","Programmer, room thermostat and TRVs","average","Average","Low energy lighting in all fixed outlets","Poor","Very Good",NA,"no corridor",NA,"Other flat below",0,"N","natural",4,4,3,3,4,1
"flat_34",34,2,299998120090611,"FLAT 34 LAKESIDE APARTMENTS UNIVERSITY OF WARWICK COVENTRY CV4 7AL","CV4 7AL",82,84,"Flat","2009-06-11","2009-06-11","rental (private)",80,83,145,127,1.7,24,1.5,43,43,234,216,96,82,71.3,"Single","Y","1st",2,"Y","Mid-Terrace","no conservatory",100,"double glazing installed before 2002",0,"Normal",3,3,85,0,"Elmhurst Energy Systems",1,"From main system","good","Good","(other premises below)",NA,NA,"Fully double glazed","average","Average","Cavity wall, as built, insulated (assumed)","good","Good","None",NA,NA,"Pitched, 200 mm loft insulation","good","Good","Boiler and radiators, mains gas","Good","Good","Programmer, room thermostat and TRVs","average","Average","Low energy lighting in 85% of fixed outlets","Poor","Very Good",NA,"heated corridor",NA,"Other flat below",0,"N","natural",4,4,3,3,4,1
"flat_35",35,1,300155420090609,"FLAT 35 LAKESIDE APARTMENTS UNIVERSITY OF WARWICK COVENTRY CV4 7AL","CV4 7AL",81,84,"Flat","2009-06-09","2009-06-09","rental (private)",80,83,162,137,1.5,27,1.3,45,30,217,204,85,73,57,"Single","Y","Ground",2,"N","Mid-Terrace","no conservatory",100,"double glazing, unknown install date",0,"Normal",2,2,50,0,"Elmhurst Energy Systems",1,"From main system","good","Good","Solid, limited insulation (assumed)",NA,NA,"Fully double glazed","average","Average","Cavity wall, as built, insulated (assumed)","good","Good","None",NA,NA,"(another dwelling above)",NA,NA,"Boiler and radiators, mains gas","Good","Good","Programmer, room thermostat and TRVs","average","Average","Low energy lighting in 50% of fixed outlets","Poor","Good",NA,"heated corridor",NA,"Ground floor",0,"N","natural",4,NA,3,3,4,0
"flat_36",36,1,299713520090609,"FLAT 36 LAKESIDE APARTMENTS UNIVERSITY OF WARWICK COVENTRY CV4 7AL","CV4 7AL",81,83,"Flat","2009-06-09","2009-06-09","rental (private)",79,82,169,148,1.6,28,1.4,35,35,236,218,86,73,57.84,"Single","Y","Ground",2,"N","Enclosed End-Terrace","no conservatory",100,"double glazing, unknown install date",0,"Normal",3,3,84,0,"Elmhurst Energy Systems",1,"From main system","good","Good","Solid, limited insulation (assumed)",NA,NA,"Fully double glazed","average","Average","Cavity wall, as built, insulated (assumed)","good","Good","None",NA,NA,"(another dwelling above)",NA,NA,"Boiler and radiators, mains gas","Good","Good","Programmer, room thermostat and TRVs","average","Average","Low energy lighting in 84% of fixed outlets","Poor","Very Good",NA,"heated corridor",NA,"Ground floor",0,"N","natural",4,NA,3,3,4,0
"flat_37",37,1,299840620090609,"FLAT 37 LAKESIDE APARTMENTS UNIVERSITY OF WARWICK COVENTRY CV4 7AL","CV4 7AL",85,85,"Flat","2009-06-09","2009-06-09","rental (private)",84,84,133,133,1.2,22,1.2,27,27,185,185,73,73,52.52,"Single","Y","Ground",3,"N","Enclosed Mid-Terrace","no conservatory",100,"double glazing, unknown install date",0,"Normal",2,2,100,0,"Elmhurst Energy Systems",1,"From main system","very_good","Very Good","Solid, limited insulation (assumed)",NA,NA,"Fully double glazed","average","Average","Cavity wall, as built, insulated (assumed)","good","Good","None",NA,NA,"(another dwelling above)",NA,NA,"Boiler and radiators, mains gas","Very Good","Very Good","Programmer, room thermostat and TRVs","average","Average","Low energy lighting in all fixed outlets","Poor","Very Good",NA,"heated corridor",NA,"Ground floor",0,"N","natural",4,NA,3,3,5,0
"flat_38",38,1,300361920090611,"FLAT 38 LAKESIDE APARTMENTS UNIVERSITY OF WARWICK COVENTRY CV4 7AL","CV4 7AL",79,81,"Flat","2009-06-09","2009-06-11","rental (private)",76,79,190,165,1.8,32,1.6,30,30,266,244,85,73,57,"Single","Y","Ground",2,"N","End-Terrace","no conservatory",100,"double glazing installed before 2002",0,"Normal",2,2,100,0,"Elmhurst Energy Systems",1,"From main system","good","Good","Solid, limited insulation (assumed)",NA,NA,"Fully double glazed","average","Average","Cavity wall, as built, insulated (assumed)","good","Good","None",NA,NA,"(another dwelling above)",NA,NA,"Boiler and radiators, mains gas","Good","Good","Programmer, room thermostat and TRVs","average","Average","Low energy lighting in all fixed outlets","Poor","Very Good",NA,"unheated corridor",3.1,"Ground floor",0,"N","natural",4,NA,3,3,4,0
"flat_39",39,1,299794820090611,"FLAT 39 LAKESIDE APARTMENTS UNIVERSITY OF WARWICK COVENTRY CV4 7AL","CV4 7AL",83,84,"Flat","2009-06-11","2009-06-11","rental (private)",81,83,153,134,1.4,25,1.3,34,34,211,197,85,73,57,"Single","Y","1st",2,"Y","Mid-Terrace","no conservatory",100,"double glazing installed before 2002",0,"Normal",2,2,85,0,"Elmhurst Energy Systems",1,"From main system","good","Good","(other premises below)",NA,NA,"Fully double glazed","average","Average","Cavity wall, filled cavity","good","Good","None",NA,NA,"Pitched, 200 mm loft insulation","good","Good","Boiler and radiators, mains gas","Good","Good","Programmer, room thermostat and TRVs","average","Average","Low energy lighting in 85% of fixed outlets","Poor","Very Good",NA,"heated corridor",NA,"Other flat below",0,"N","natural",4,4,3,3,4,1
"flat_40",40,1,299922020090611,"FLAT 40 LAKESIDE APARTMENTS UNIVERSITY OF WARWICK COVENTRY CV4 7AL","CV4 7AL",84,86,"Flat","2009-06-11","2009-06-11","rental (private)",83,86,132,116,1.3,22,1.1,35,35,184,174,86,73,57.84,"Single","Y","1st",3,"N","Enclosed End-Terrace","no conservatory",100,"double glazing installed before 2002",0,"Normal",3,3,85,0,"Elmhurst Energy Systems",1,"From main system","good","Good","(other premises below)",NA,NA,"Fully double glazed","average","Average","Cavity wall, as built, insulated (assumed)","good","Good","None",NA,NA,"(another dwelling above)",NA,NA,"Boiler and radiators, mains gas","Good","Good","Programmer, room thermostat and TRVs","average","Average","Low energy lighting in 85% of fixed outlets","Poor","Very Good",NA,"heated corridor",NA,"Other flat below",0,"N","natural",4,NA,3,3,4,1
"flat_41",41,1,300392020090611,"FLAT 41 LAKESIDE APARTMENTS UNIVERSITY OF WARWICK COVENTRY CV4 7AL","CV4 7AL",86,88,"Flat","2009-06-11","2009-06-11","rental (private)",85,87,122,107,1.1,20,0.9,27,27,162,156,82,70,52.52,"Single","Y","1st",3,"N","Enclosed Mid-Terrace","no conservatory",100,"double glazing installed before 2002",0,"Normal",2,2,100,0,"Elmhurst Energy Systems",1,"From main system","good","Good","(other premises below)",NA,NA,"Fully double glazed","average","Average","Cavity wall, as built, insulated (assumed)","good","Good","None",NA,NA,"(another dwelling above)",NA,NA,"Boiler and radiators, mains gas","Good","Good","Programmer, room thermostat and TRVs","average","Average","Low energy lighting in all fixed outlets","Poor","Very Good",NA,"heated corridor",NA,"Other flat below",0,"N","natural",4,NA,3,3,4,1
"flat_42",42,1,300179220090611,"FLAT 42 LAKESIDE APARTMENTS UNIVERSITY OF WARWICK COVENTRY CV4 7AL","CV4 7AL",83,85,"Flat","2009-06-11","2009-06-11","rental (private)",81,84,151,132,1.4,25,1.2,30,30,211,197,85,73,57,"Single","Y","1st",2,"Y","Mid-Terrace","no conservatory",100,"double glazing installed before 2002",0,"Normal",2,2,100,0,"Elmhurst Energy Systems",1,"From main system","good","Good","(other premises below)",NA,NA,"Fully double glazed","average","Average","Cavity wall, as built, insulated (assumed)","good","Good","None",NA,NA,"Pitched, 200 mm loft insulation","good","Good","Boiler and radiators, mains gas","Good","Good","Programmer, room thermostat and TRVs","average","Average","Low energy lighting in all fixed outlets","Poor","Very Good",NA,"heated corridor",NA,"Other flat below",0,"N","natural",4,4,3,3,4,1
"flat_43",43,1,300014720090610,"FLAT 43 LAKESIDE APARTMENTS UNIVERSITY OF WARWICK COVENTRY CV4 7AL","CV4 7AL",78,82,"Flat","2009-06-10","2009-06-10","rental (private)",76,80,190,160,1.8,31,1.5,45,30,258,239,86,73,57.84,"Single","Y","2nd",3,"Y","Semi-Detached","no conservatory",100,"double glazing installed before 2002",0,"Normal",2,2,50,0,"Elmhurst Energy Systems",1,"From main system","good","Good","(other premises below)",NA,NA,"Fully double glazed","average","Average","Cavity wall, as built, insulated (assumed)","good","Good","None",NA,NA,"Flat, insulated (assumed)","average","Average","Boiler and radiators, mains gas","Good","Good","Programmer, room thermostat and TRVs","average","Average","Low energy lighting in 50% of fixed outlets","Poor","Good",NA,"heated corridor",NA,"Other flat below",0,"N","natural",4,3,3,3,4,2
"flat_44",44,1,300126220090610,"FLAT 44 LAKESIDE APARTMENTS UNIVERSITY OF WARWICK COVENTRY CV4 7AL","CV4 7AL",80,83,"Flat","2009-06-10","2009-06-10","rental (private)",79,82,178,153,1.6,30,1.3,37,27,229,214,82,70,52.52,"Single","Y","2nd",3,"Y","Enclosed End-Terrace","no conservatory",100,"double glazing installed before 2002",0,"Normal",2,2,67,0,"Elmhurst Energy Systems",1,"From main system","good","Good","(other premises below)",NA,NA,"Fully double glazed","average","Average","Cavity wall, as built, insulated (assumed)","good","Good","None",NA,NA,"Flat, insulated (assumed)","average","Average","Boiler and radiators, mains gas","Good","Good","Programmer, room thermostat and TRVs","average","Average","Low energy lighting in 67% of fixed outlets","Poor","Good",NA,"heated corridor",NA,"Other flat below",0,"N","natural",4,3,3,3,4,2
"flat_45",45,2,300063820090610,"FLAT 45 LAKESIDE APARTMENTS UNIVERSITY OF WARWICK COVENTRY CV4 7AL","CV4 7AL",76,79,"Maisonette","2009-06-10","2009-06-10","rental (private)",73,76,199,172,2.4,33,2,37,37,331,299,96,82,71.3,"Single","Y","1st",2,"Y","Mid-Terrace","no conservatory",100,"double glazing installed before 2002",0,"Normal",3,3,100,0,"Elmhurst Energy Systems",1,"From main system","good","Good","To external air, limited insulation (assumed)",NA,NA,"Fully double glazed","average","Average","Cavity wall, as built, insulated (assumed)","good","Good","None",NA,NA,"Pitched, 200 mm loft insulation","good","Good","Boiler and radiators, mains gas","Good","Good","Programmer, room thermostat and TRVs","average","Average","Low energy lighting in all fixed outlets","Poor","Very Good",NA,"unheated corridor",6.7,"exposed floor",0,"N","natural",4,4,3,3,4,1
"flat_46",46,1,299700020090611,"FLAT 46 LAKESIDE APARTMENTS UNIVERSITY OF WARWICK COVENTRY CV4 7AL","CV4 7AL",79,82,"Flat","2009-06-10","2009-06-11","rental (private)",77,80,191,163,1.7,32,1.5,38,28,252,233,83,71,54.3,"Single","Y","Ground",2,"N","End-Terrace","no conservatory",100,"double glazing installed before 2002",0,"Normal",3,3,66,0,"Elmhurst Energy Systems",1,"From main system","good","Good","Solid, limited insulation (assumed)",NA,NA,"Fully double glazed","average","Average","Cavity wall, as built, insulated (assumed)","good","Good","None",NA,NA,"(another dwelling above)",NA,NA,"Boiler and radiators, mains gas","Good","Good","Programmer, room thermostat and TRVs","average","Average","Low energy lighting in 66% of fixed outlets","Poor","Good",NA,"heated corridor",NA,"Ground floor",0,"N","natural",4,NA,3,3,4,0
"flat_47",47,1,NA,"FLAT 47 UNIVERSITY OF WARWICK GIBBET HILL ROAD COVENTRY CV4 7AL","CV4 7AL",78,82,"Flat","2009-06-10","2009-06-12","rental (private)",76,80,195,165,1.8,31,1.5,43,29,255,237,84,71,55,"Single","Y","Ground",2,"N","Flat","no conservatory",100,NA,0,"Normal",1,NA,50,NA,"Elmhurst Energy Systems",1,"From main system","good","Good","Solid, limited insulation (assumed)",NA,NA,"Fully double glazed","average","Average","Cavity wall, as built, insulated (assumed)","good","Good","None",NA,NA,"(another dwelling above)",NA,NA,"Boiler and radiators, mains gas","Good","Good","Programmer, room thermostat and TRVs","average","Average","Low energy lighting in 50% of fixed outlets","Good","Good",NA,NA,NA,"Ground floor",0,"N","natural",4,NA,3,3,4,0
"flat_48",48,1,300230520090612,"FLAT 48 LAKESIDE APARTMENTS UNIVERSITY OF WARWICK COVENTRY CV4 7AL","CV4 7AL",83,85,"Flat","2009-06-12","2009-06-12","rental (private)",81,84,153,134,1.4,25,1.2,33,33,203,191,83,71,54.3,"Single","Y","1st",2,"Y","Mid-Terrace","no conservatory",100,"double glazing installed before 2002",0,"Normal",3,3,85,0,"Elmhurst Energy Systems",1,"From main system","good","Good","(other premises below)",NA,NA,"Fully double glazed","average","Average","Cavity wall, as built, insulated (assumed)","good","Good","None",NA,NA,"Pitched, 200 mm loft insulation","good","Good","Boiler and radiators, mains gas","Good","Good","Programmer, room thermostat and TRVs","average","Average","Low energy lighting in 85% of fixed outlets","Poor","Very Good",NA,"heated corridor",NA,"Other flat below",0,"N","natural",4,4,3,3,4,1
"flat_49",49,1,300050320090613,"FLAT 49 LAKESIDE APARTMENTS UNIVERSITY OF WARWICK COVENTRY CV4 7AL","CV4 7AL",83,85,"Flat","2009-06-13","2009-06-13","rental (private)",82,84,147,129,1.3,24,1.2,33,33,198,186,84,71,55,"Single","Y","1st",3,"N","End-Terrace","no conservatory",100,"double glazing installed before 2002",0,"Normal",2,2,85,0,"Elmhurst Energy Systems",1,"From main system","good","Good","(other premises below)",NA,NA,"Fully double glazed","average","Average","Cavity wall, as built, insulated (assumed)","good","Good","None",NA,NA,"(another dwelling above)",NA,NA,"Boiler and radiators, mains gas","Good","Good","Programmer, room thermostat and TRVs","average","Average","Low energy lighting in 85% of fixed outlets","Poor","Very Good",NA,"heated corridor",NA,"Other flat below",0,"N","natural",4,NA,3,3,4,1
"flat_50",50,1,300302620090626,"FLAT 50 LAKESIDE APARTMENTS UNIVERSITY OF WARWICK COVENTRY CV4 7AL","CV4 7AL",79,81,"Flat","2009-06-26","2009-06-26","rental (private)",76,79,182,158,1.9,30,1.7,34,34,278,254,91,77,64,"Single","Y","2nd",3,"Y","Semi-Detached","no conservatory",100,"double glazing installed before 2002",0,"Normal",2,2,100,0,"Elmhurst Energy Systems",1,"From main system","good","Good","(other premises below)",NA,NA,"Fully double glazed","average","Average","Cavity wall, as built, insulated (assumed)","good","Good","None",NA,NA,"Flat, insulated (assumed)","average","Average","Boiler and radiators, mains gas","Good","Good","Programmer, room thermostat and TRVs","average","Average","Low energy lighting in all fixed outlets","Poor","Very Good",NA,"heated corridor",NA,"Other flat below",0,"N","natural",4,3,3,3,4,2
"flat_51",51,2,301744920090624,"FLAT 51 HERONBANK APARTMENTS UNIVERSITY OF WARWICK COVENTRY CV4 7AL","CV4 7AL",82,84,"Flat","2009-06-24","2009-06-24","rental (private)",80,83,146,129,1.7,24,1.5,40,40,233,217,93,80,69,"Single","Y","Ground",2,"N","End-Terrace","no conservatory",100,"double glazing installed during or after 2002",0,"Normal",3,3,90,0,"Elmhurst Energy Systems",1,"From main system","good","Good","Solid, insulated (assumed)",NA,NA,"Fully double glazed","good","Good","Cavity wall, as built, insulated (assumed)","good","Good","None",NA,NA,"(another dwelling above)",NA,NA,"Boiler and radiators, mains gas","Good","Good","Programmer, room thermostat and TRVs","average","Average","Low energy lighting in 90% of fixed outlets","Poor","Very Good",NA,"heated corridor",NA,"Ground floor",0,"N","natural",4,NA,3,4,4,0
"flat_52",52,2,300507120090624,"FLAT 52 HERONBANK APARTMENTS UNIVERSITY OF WARWICK COVENTRY CV4 7AL","CV4 7AL",84,86,"Flat","2009-06-24","2009-06-24","rental (private)",83,85,126,112,1.4,21,1.3,40,40,198,188,93,80,69,"Single","Y","Ground",2,"N","Mid-Terrace","no conservatory",100,"double glazing installed during or after 2002",0,"Normal",3,3,90,0,"Elmhurst Energy Systems",1,"From main system","good","Good","Solid, insulated (assumed)",NA,NA,"Fully double glazed","good","Good","Cavity wall, as built, insulated (assumed)","good","Good","None",NA,NA,"(another dwelling above)",NA,NA,"Boiler and radiators, mains gas","Good","Good","Programmer, room thermostat and TRVs","average","Average","Low energy lighting in 90% of fixed outlets","Poor","Very Good",NA,"heated corridor",NA,"Ground floor",0,"N","natural",4,NA,3,4,4,0
"flat_53",53,2,301809920090626,"FLAT 53 HERONBANK APARTMENTS UNIVERSITY OF WARWICK COVENTRY CV4 7AL","CV4 7AL",83,85,"Flat","2009-06-26","2009-06-26","rental (private)",82,84,137,121,1.6,23,1.4,36,36,220,206,93,80,69,"Single","Y","1st",2,"Y","End-Terrace","no conservatory",100,"double glazing installed during or after 2002",0,"Normal",3,3,100,0,"Elmhurst Energy Systems",1,"From main system","good","Good","(other premises below)",NA,NA,"Fully double glazed","good","Good","Cavity wall, as built, insulated (assumed)","good","Good","None",NA,NA,"Pitched, 200 mm loft insulation","good","Good","Boiler and radiators, mains gas","Good","Good","Programmer, room thermostat and TRVs","average","Average","Low energy lighting in all fixed outlets","Poor","Very Good",NA,"heated corridor",NA,"Other flat below",0,"N","natural",4,4,3,4,4,1
"flat_54",54,2,301186220090626,"FLAT 54 HERONBANK APARTMENTS UNIVERSITY OF WARWICK COVENTRY CV4 7AL","CV4 7AL",84,86,"Flat","2009-06-26","2009-06-26","rental (private)",83,85,125,111,1.4,21,1.3,36,36,200,189,93,80,69,"Single","Y","1st",2,"Y","Mid-Terrace","no conservatory",100,"double glazing installed during or after 2002",0,"Normal",3,3,100,0,"Elmhurst Energy Systems",1,"From main system","good","Good","(other premises below)",NA,NA,"Fully double glazed","good","Good","Cavity wall, as built, insulated (assumed)","good","Good","None",NA,NA,"Pitched, 200 mm loft insulation","good","Good","Boiler and radiators, mains gas","Good","Good","Programmer, room thermostat and TRVs","average","Average","Low energy lighting in all fixed outlets","Poor","Very Good",NA,"heated corridor",NA,"Other flat below",0,"N","natural",4,4,3,4,4,1
"flat_55",55,1,300993720090624,"FLAT 55 HERONBANK APARTMENTS UNIVERSITY OF WARWICK COVENTRY CV4 7AL","CV4 7AL",85,86,"Flat","2009-06-24","2009-06-24","rental (private)",84,86,128,114,1.3,21,1.1,31,31,187,177,86,74,60,"Single","Y","Ground",2,"N","Mid-Terrace","no conservatory",100,"double glazing installed during or after 2002",0,"Normal",3,3,100,0,"Elmhurst Energy Systems",1,"From main system","good","Good","Solid, insulated (assumed)",NA,NA,"Fully double glazed","good","Good","Cavity wall, as built, insulated (assumed)","good","Good","None",NA,NA,"(another dwelling above)",NA,NA,"Boiler and radiators, mains gas","Good","Good","Programmer, room thermostat and TRVs","average","Average","Low energy lighting in all fixed outlets","Poor","Very Good",NA,"heated corridor",NA,"Ground floor",0,"N","natural",4,NA,3,4,4,0
"flat_56",56,1,300450620090624,"FLAT 56 HERONBANK APARTMENTS UNIVERSITY OF WARWICK COVENTRY CV4 7AL","CV4 7AL",85,87,"Flat","2009-06-24","2009-06-24","rental (private)",84,86,122,108,1.3,20,1.2,23,23,86,81,52,45,64.58,"Single","Y","Ground",3,"N","Enclosed Mid-Terrace","no conservatory",100,"double glazing installed during or after 2002",0,"Normal",3,3,100,0,"Elmhurst Energy Systems",1,"From main system","good","Good","Solid, insulated (assumed)",NA,NA,"Fully double glazed","good","Good","Cavity wall, as built, insulated (assumed)","good","Good","None",NA,NA,"(another dwelling above)",NA,NA,"Boiler and radiators, mains gas","Good","Good","Programmer, room thermostat and TRVs","average","Average","Low energy lighting in all fixed outlets","Poor","Very Good",NA,"heated corridor",NA,"Ground floor",0,"N","natural",4,NA,3,4,4,0
"flat_57",57,1,301562820090624,"FLAT 57 HERONBANK APARTMENTS UNIVERSITY OF WARWICK COVENTRY CV4 7AL","CV4 7AL",85,86,"Flat","2009-06-24","2009-06-24","rental (private)",84,86,123,110,1.3,20,1.2,34,34,188,179,89,77,64.5,"Single","Y","Ground",3,"N","Mid-Terrace","no conservatory",100,"double glazing installed during or after 2002",0,"Normal",2,2,100,0,"Elmhurst Energy Systems",1,"From main system","good","Good","Solid, insulated (assumed)",NA,NA,"Fully double glazed","good","Good","Cavity wall, as built, insulated (assumed)","good","Good","None",NA,NA,"(another dwelling above)",NA,NA,"Boiler and radiators, mains gas","Good","Good","Programmer, room thermostat and TRVs","average","Average","Low energy lighting in all fixed outlets","Poor","Very Good",NA,"heated corridor",NA,"Ground floor",0,"N","natural",4,NA,3,4,4,0
"flat_58",58,1,300534820090624,"FLAT 58 HERONBANK APARTMENTS UNIVERSITY OF WARWICK COVENTRY CV4 7AL","CV4 7AL",85,86,"Flat","2009-06-24","2009-06-24","rental (private)",84,86,128,114,1.3,21,1.1,31,31,186,177,86,74,59.6,"Single","Y","Ground",2,"N","Mid-Terrace","no conservatory",100,"double glazing installed during or after 2002",0,"Normal",3,3,100,0,"Elmhurst Energy Systems",1,"From main system","good","Good","Solid, insulated (assumed)",NA,NA,"Fully double glazed","good","Good","Cavity wall, as built, insulated (assumed)","good","Good","None",NA,NA,"(another dwelling above)",NA,NA,"Boiler and radiators, mains gas","Good","Good","Programmer, room thermostat and TRVs","average","Average","Low energy lighting in all fixed outlets","Poor","Very Good",NA,"heated corridor",NA,"Ground floor",0,"N","natural",4,NA,3,4,4,0
"flat_59",59,1,300822120090626,"FLAT 59 HERONBANK APARTMENTS UNIVERSITY OF WARWICK COVENTRY CV4 7AL","CV4 7AL",85,86,"Flat","2009-06-26","2009-06-26","rental (private)",84,86,129,114,1.3,21,1.1,31,31,188,178,86,74,60,"Single","Y","1st",2,"Y","Mid-Terrace","no conservatory",100,"double glazing installed during or after 2002",0,"Normal",3,3,100,0,"Elmhurst Energy Systems",1,"From main system","good","Good","(other premises below)",NA,NA,"Fully double glazed","good","Good","Cavity wall, as built, insulated (assumed)","good","Good","None",NA,NA,"Pitched, 200 mm loft insulation","good","Good","Boiler and radiators, mains gas","Good","Good","Programmer, room thermostat and TRVs","average","Average","Low energy lighting in all fixed outlets","Poor","Very Good",NA,"heated corridor",NA,"Other flat below",0,"N","natural",4,4,3,4,4,1
"flat_60",60,1,300785720090626,"FLAT 60 HERONBANK APARTMENTS UNIVERSITY OF WARWICK COVENTRY CV4 7AL","CV4 7AL",87,88,"Flat","2009-06-26","2009-06-26","rental (private)",86,88,104,93,1.1,17,1,34,34,158,152,89,77,64.58,"Single","Y","1st",3,"N","Enclosed Mid-Terrace","no conservatory",100,"double glazing installed during or after 2002",0,"Normal",2,2,100,0,"Elmhurst Energy Systems",1,"From main system","good","Good","(other premises below)",NA,NA,"Fully double glazed","good","Good","Cavity wall, as built, insulated (assumed)","good","Good","None",NA,NA,"(another dwelling above)",NA,NA,"Boiler and radiators, mains gas","Good","Good","Programmer, room thermostat and TRVs","average","Average","Low energy lighting in all fixed outlets","Poor","Very Good",NA,"heated corridor",NA,"Other flat below",0,"N","natural",4,NA,3,4,4,1
"flat_61",61,1,300901520090626,"FLAT 61 HERONBANK APARTMENTS UNIVERSITY OF WARWICK COVENTRY CV4 7AL","CV4 7AL",87,88,"Flat","2009-06-26","2009-06-26","rental (private)",86,88,104,93,1.1,17,1,34,34,158,152,89,77,64.58,"Single","Y","1st",3,"N","Enclosed Mid-Terrace","no conservatory",100,"double glazing installed during or after 2002",0,"Normal",2,2,100,0,"Elmhurst Energy Systems",1,"From main system","good","Good","(other premises below)",NA,NA,"Fully double glazed","good","Good","Cavity wall, as built, insulated (assumed)","good","Good","None",NA,NA,"(another dwelling above)",NA,NA,"Boiler and radiators, mains gas","Good","Good","Programmer, room thermostat and TRVs","average","Average","Low energy lighting in all fixed outlets","Poor","Very Good",NA,"heated corridor",NA,"Other flat below",0,"N","natural",4,NA,3,4,4,1
"flat_62",62,1,300725420090626,"FLAT 62 HERONBANK APARTMENTS UNIVERSITY OF WARWICK COVENTRY CV4 7AL","CV4 7AL",85,86,"Flat","2009-06-26","2009-06-26","rental (private)",84,86,129,115,1.3,21,1.1,31,31,187,177,86,74,59.6,"Single","Y","1st",2,"Y","Mid-Terrace","no conservatory",100,"double glazing installed during or after 2002",0,"Normal",3,3,100,0,"Elmhurst Energy Systems",1,"From main system","good","Good","(other premises below)",NA,NA,"Fully double glazed","good","Good","Cavity wall, as built, insulated (assumed)","good","Good","None",NA,NA,"Pitched, 200 mm loft insulation","good","Good","Boiler and radiators, mains gas","Good","Good","Programmer, room thermostat and TRVs","average","Average","Low energy lighting in all fixed outlets","Poor","Very Good",NA,"heated corridor",NA,"Other flat below",0,"N","natural",4,4,3,4,4,1
"flat_63",63,1,301075120090626,"FLAT 63 HERONBANK APARTMENTS UNIVERSITY OF WARWICK COVENTRY CV4 7AL","CV4 7AL",84,85,"Flat","2009-06-26","2009-06-26","rental (private)",82,84,136,121,1.5,23,1.3,34,34,209,197,89,77,64.58,"Single","Y","2nd",3,"Y","Enclosed End-Terrace","no conservatory",100,"double glazing installed during or after 2002",0,"Normal",2,2,100,0,"Elmhurst Energy Systems",1,"From main system","good","Good","(other premises below)",NA,NA,"Fully double glazed","good","Good","Cavity wall, as built, insulated (assumed)","good","Good","None",NA,NA,"Flat, insulated (assumed)","good","Good","Boiler and radiators, mains gas","Good","Good","Programmer, room thermostat and TRVs","average","Average","Low energy lighting in all fixed outlets","Poor","Very Good",NA,"heated corridor",NA,"Other flat below",0,"N","natural",4,4,3,4,4,2
"flat_64",64,1,301553120090626,"FLAT 64 HERONBANK APARTMENTS UNIVERSITY OF WARWICK COVENTRY CV4 7AL","CV4 7AL",84,85,"Flat","2009-06-26","2009-06-26","rental (private)",82,84,136,121,1.5,23,1.3,34,34,209,197,89,77,64.58,"Single","Y","2nd",3,"Y","Enclosed End-Terrace","no conservatory",100,"double glazing installed during or after 2002",0,"Normal",2,2,100,0,"Elmhurst Energy Systems",1,"From main system","good","Good","(other premises below)",NA,NA,"Fully double glazed","good","Good","Cavity wall, as built, insulated (assumed)","good","Good","None",NA,NA,"Flat, insulated (assumed)","good","Good","Boiler and radiators, mains gas","Good","Good","Programmer, room thermostat and TRVs","average","Average","Low energy lighting in all fixed outlets","Poor","Very Good",NA,"heated corridor",NA,"Other flat below",0,"N","natural",4,4,3,4,4,2
"flat_65",65,2,301282920090624,"FLAT 65 HERONBANK APARTMENTS UNIVERSITY OF WARWICK COVENTRY CV4 7AL","CV4 7AL",85,86,"Flat","2009-06-24","2009-06-24","rental (private)",83,85,124,111,1.4,21,1.3,36,36,199,188,93,80,69,"Single","Y","Ground",2,"N","Mid-Terrace","no conservatory",100,"double glazing installed during or after 2002",0,"Normal",3,3,100,0,"Elmhurst Energy Systems",1,"From main system","good","Good","Solid, insulated (assumed)",NA,NA,"Fully double glazed","good","Good","Cavity wall, as built, insulated (assumed)","good","Good","None",NA,NA,"(another dwelling above)",NA,NA,"Boiler and radiators, mains gas","Good","Good","Programmer, room thermostat and TRVs","average","Average","Low energy lighting in all fixed outlets","Poor","Very Good",NA,"heated corridor",NA,"Ground floor",0,"N","natural",4,NA,3,4,4,0
"flat_66",66,2,301372020090624,"FLAT 66 HERONBANK APARTMENTS UNIVERSITY OF WARWICK COVENTRY CV4 7AL","CV4 7AL",85,86,"Flat","2009-06-24","2009-06-24","rental (private)",83,85,124,111,1.4,21,1.3,36,36,199,188,93,80,69,"Single","Y","Ground",2,"N","Mid-Terrace","no conservatory",100,"double glazing installed during or after 2002",0,"Normal",3,3,100,0,"Elmhurst Energy Systems",1,"From main system","good","Good","Solid, insulated (assumed)",NA,NA,"Fully double glazed","good","Good","Cavity wall, as built, insulated (assumed)","good","Good","None",NA,NA,"(another dwelling above)",NA,NA,"Boiler and radiators, mains gas","Good","Good","Programmer, room thermostat and TRVs","average","Average","Low energy lighting in all fixed outlets","Poor","Very Good",NA,"heated corridor",NA,"Ground floor",0,"N","natural",4,NA,3,4,4,0
"flat_67",67,2,301347920090626,"FLAT 67 HERONBANK APARTMENTS UNIVERSITY OF WARWICK COVENTRY CV4 7AL","CV4 7AL",84,86,"Flat","2009-06-26","2009-06-26","rental (private)",83,85,125,111,1.4,21,1.3,36,36,200,189,93,80,69,"Single","Y","1st",2,"Y","Mid-Terrace","no conservatory",100,"double glazing installed during or after 2002",0,"Normal",3,3,100,0,"Elmhurst Energy Systems",1,"From main system","good","Good","(other premises below)",NA,NA,"Fully double glazed","good","Good","Cavity wall, as built, insulated (assumed)","good","Good","None",NA,NA,"Pitched, 200 mm loft insulation","good","Good","Boiler and radiators, mains gas","Good","Good","Programmer, room thermostat and TRVs","average","Average","Low energy lighting in all fixed outlets","Poor","Very Good",NA,"heated corridor",NA,"Other flat below",0,"N","natural",4,4,3,4,4,1
"flat_68",68,2,300650520090626,"FLAT 68 HERONBANK APARTMENTS UNIVERSITY OF WARWICK COVENTRY CV4 7AL","CV4 7AL",84,86,"Flat","2009-06-26","2009-06-26","rental (private)",83,85,125,111,1.4,21,1.3,36,36,200,189,93,80,69,"Single","Y","1st",2,"Y","Mid-Terrace","no conservatory",100,"double glazing installed during or after 2002",0,"Normal",3,3,100,0,"Elmhurst Energy Systems",1,"From main system","good","Good","(other premises below)",NA,NA,"Fully double glazed","good","Good","Cavity wall, as built, insulated (assumed)","good","Good","None",NA,NA,"Pitched, 200 mm loft insulation","good","Good","Boiler and radiators, mains gas","Good","Good","Programmer, room thermostat and TRVs","average","Average","Low energy lighting in all fixed outlets","Poor","Very Good",NA,"heated corridor",NA,"Other flat below",0,"N","natural",4,4,3,4,4,1
"flat_69",69,2,300735020090624,"FLAT 69 HERONBANK APARTMENTS UNIVERSITY OF WARWICK COVENTRY CV4 7AL","CV4 7AL",85,86,"Flat","2009-06-24","2009-06-24","rental (private)",83,85,124,111,1.4,21,1.3,36,36,199,188,93,80,69,"Single","Y","Ground",2,"N","Mid-Terrace","no conservatory",100,"double glazing installed during or after 2002",0,"Normal",3,3,100,0,"Elmhurst Energy Systems",1,"From main system","good","Good","Solid, insulated (assumed)",NA,NA,"Fully double glazed","good","Good","Cavity wall, as built, insulated (assumed)","good","Good","None",NA,NA,"(another dwelling above)",NA,NA,"Boiler and radiators, mains gas","Good","Good","Programmer, room thermostat and TRVs","average","Average","Low energy lighting in all fixed outlets","Poor","Very Good",NA,"heated corridor",NA,"Ground floor",0,"N","natural",4,NA,3,4,4,0
"flat_71",71,2,300889020090626,"FLAT 71 HERONBANK APARTMENTS UNIVERSITY OF WARWICK COVENTRY CV4 7AL","CV4 7AL",84,86,"Flat","2009-06-26","2009-06-26","rental (private)",83,85,125,111,1.4,21,1.3,36,36,200,189,93,80,69,"Single","Y","1st",2,"Y","Mid-Terrace","no conservatory",100,"double glazing installed during or after 2002",0,"Normal",3,3,100,0,"Elmhurst Energy Systems",1,"From main system","good","Good","(other premises below)",NA,NA,"Fully double glazed","good","Good","Cavity wall, as built, insulated (assumed)","good","Good","None",NA,NA,"Pitched, 200 mm loft insulation","good","Good","Boiler and radiators, mains gas","Good","Good","Programmer, room thermostat and TRVs","average","Average","Low energy lighting in all fixed outlets","Poor","Very Good",NA,"heated corridor",NA,"Other flat below",0,"N","natural",4,4,3,4,4,1
"flat_72",72,1,301192620090626,"FLAT 72 HERONBANK APARTMENTS UNIVERSITY OF WARWICK COVENTRY CV4 7AL","CV4 7AL",81,83,"Flat","2009-06-26","2009-06-26","rental (private)",79,81,182,161,1.5,30,1.3,26,26,230,215,78,68,49.44,"Single","Y","1st",2,"Y","End-Terrace","no conservatory",100,"double glazing installed during or after 2002",0,"Normal",2,2,100,0,"Elmhurst Energy Systems",1,"From main system","good","Good","To unheated space, insulated (assumed)",NA,NA,"Fully double glazed","good","Good","Cavity wall, as built, insulated (assumed)","good","Good","None",NA,NA,"Pitched, 200 mm loft insulation","good","Good","Boiler and radiators, mains gas","Good","Good","Programmer, room thermostat and TRVs","average","Average","Low energy lighting in all fixed outlets","Poor","Very Good",NA,"heated corridor",NA,"semi-exposed upper floor to unheated space",0,"N","natural",4,4,3,4,4,1
"flat_73",73,2,301473620090624,"FLAT 73 HERONBANK APARTMENTS UNIVERSITY OF WARWICK COVENTRY CV4 7AL","CV4 7AL",82,85,"Flat","2009-06-24","2009-06-24","rental (private)",80,83,146,124,1.7,24,1.4,36,36,236,210,93,80,69,"Single","Y","Ground",2,"N","End-Terrace","no conservatory",100,"double glazing installed during or after 2002",0,"Normal",3,3,100,0,"Elmhurst Energy Systems",1,"From main system","good","Good","Solid, insulated (assumed)",NA,NA,"Fully double glazed","good","Good","Cavity wall, as built, insulated (assumed)","good","Good","None",NA,NA,"(another dwelling above)",NA,NA,"Boiler and radiators, mains gas","Good","Good","Programmer and room thermostat","poor","Poor","Low energy lighting in all fixed outlets","Poor","Very Good",NA,"heated corridor",NA,"Ground floor",0,"N","natural",4,NA,2,4,4,0
"flat_74",74,2,301157320090625,"FLAT 74 HERONBANK APARTMENTS UNIVERSITY OF WARWICK COVENTRY CV4 7AL","CV4 7AL",85,86,"Flat","2009-06-25","2009-06-25","rental (private)",83,85,124,111,1.4,21,1.3,36,36,199,188,93,80,69,"Single","Y","Ground",2,"N","Mid-Terrace","no conservatory",100,"double glazing installed during or after 2002",0,"Normal",3,3,100,0,"Elmhurst Energy Systems",1,"From main system","good","Good","Solid, insulated (assumed)",NA,NA,"Fully double glazed","good","Good","Cavity wall, as built, insulated (assumed)","good","Good","None",NA,NA,"(another dwelling above)",NA,NA,"Boiler and radiators, mains gas","Good","Good","Programmer, room thermostat and TRVs","average","Average","Low energy lighting in all fixed outlets","Poor","Very Good",NA,"heated corridor",NA,"Ground floor",0,"N","natural",4,NA,3,4,4,0
"flat_75",75,2,301642220090626,"FLAT 75 HERONBANK APARTMENTS UNIVERSITY OF WARWICK COVENTRY CV4 7AL","CV4 7AL",83,85,"Flat","2009-06-26","2009-06-26","rental (private)",82,84,137,121,1.6,23,1.4,36,36,220,206,93,80,69,"Single","Y","1st",2,"Y","End-Terrace","no conservatory",100,"double glazing installed during or after 2002",0,"Normal",3,3,100,0,"Elmhurst Energy Systems",1,"From main system","good","Good","(other premises below)",NA,NA,"Fully double glazed","good","Good","Cavity wall, as built, insulated (assumed)","good","Good","None",NA,NA,"Pitched, 200 mm loft insulation","good","Good","Boiler and radiators, mains gas","Good","Good","Programmer, room thermostat and TRVs","average","Average","Low energy lighting in all fixed outlets","Poor","Very Good",NA,"heated corridor",NA,"Other flat below",0,"N","natural",4,4,3,4,4,1
"flat_76",76,2,300806820090626,"FLAT 76 HERONBANK APARTMENTS UNIVERSITY OF WARWICK COVENTRY CV4 7AL","CV4 7AL",84,86,"Flat","2009-06-26","2009-06-26","rental (private)",83,85,125,111,1.4,21,1.3,36,36,200,189,93,80,69,"Single","Y","1st",2,"Y","Mid-Terrace","no conservatory",100,"double glazing installed during or after 2002",0,"Normal",3,3,100,0,"Elmhurst Energy Systems",1,"From main system","good","Good","(other premises below)",NA,NA,"Fully double glazed","good","Good","Cavity wall, as built, insulated (assumed)","good","Good","None",NA,NA,"Pitched, 200 mm loft insulation","good","Good","Boiler and radiators, mains gas","Good","Good","Programmer, room thermostat and TRVs","average","Average","Low energy lighting in all fixed outlets","Poor","Very Good",NA,"heated corridor",NA,"Other flat below",0,"N","natural",4,4,3,4,4,1
"flat_77",77,1,301329020090625,"FLAT 77 HERONBANK APARTMENTS UNIVERSITY OF WARWICK COVENTRY CV4 7AL","CV4 7AL",85,86,"Flat","2009-06-25","2009-06-25","rental (private)",84,85,124,111,1.4,21,1.2,35,35,193,183,90,78,66,"Single","Y","Ground",2,"N","Mid-Terrace","no conservatory",100,"double glazing installed during or after 2002",0,"Normal",2,2,100,0,"Elmhurst Energy Systems",1,"From main system","good","Good","Solid, insulated (assumed)",NA,NA,"Fully double glazed","good","Good","Cavity wall, as built, insulated (assumed)","good","Good","None",NA,NA,"(another dwelling above)",NA,NA,"Boiler and radiators, mains gas","Good","Good","Programmer, room thermostat and TRVs","average","Average","Low energy lighting in all fixed outlets","Poor","Very Good",NA,"heated corridor",NA,"Ground floor",0,"N","natural",4,NA,3,4,4,0
"flat_78",78,1,301984120090625,"FLAT 78 HERONBANK APARTMENTS UNIVERSITY OF WARWICK COVENTRY CV4 7AL","CV4 7AL",85,86,"Flat","2009-06-25","2009-06-25","rental (private)",84,86,123,109,1.3,20,1.2,34,34,188,178,89,77,64.58,"Single","Y","Ground",3,"N","Enclosed End-Terrace","no conservatory",100,"double glazing installed during or after 2002",0,"Normal",2,2,100,0,"Elmhurst Energy Systems",1,"From main system","good","Good","Solid, insulated (assumed)",NA,NA,"Fully double glazed","good","Good","Cavity wall, as built, insulated (assumed)","good","Good","None",NA,NA,"(another dwelling above)",NA,NA,"Boiler and radiators, mains gas","Good","Good","Programmer, room thermostat and TRVs","average","Average","Low energy lighting in all fixed outlets","Poor","Very Good",NA,"heated corridor",NA,"Ground floor",0,"N","natural",4,NA,3,4,4,0
"flat_79",79,1,301232120090625,"FLAT 79 HERONBANK APARTMENTS UNIVERSITY OF WARWICK COVENTRY CV4 7AL","CV4 7AL",85,86,"Flat","2009-06-25","2009-06-25","rental (private)",84,86,123,109,1.3,20,1.2,34,34,188,178,89,77,64.58,"Single","Y","Ground",3,"N","Enclosed End-Terrace","no conservatory",100,"double glazing installed during or after 2002",0,"Normal",2,2,100,0,"Elmhurst Energy Systems",1,"From main system","good","Good","Solid, insulated (assumed)",NA,NA,"Fully double glazed","good","Good","Cavity wall, as built, insulated (assumed)","good","Good","None",NA,NA,"(another dwelling above)",NA,NA,"Boiler and radiators, mains gas","Good","Good","Programmer, room thermostat and TRVs","average","Average","Low energy lighting in all fixed outlets","Poor","Very Good",NA,"heated corridor",NA,"Ground floor",0,"N","natural",4,NA,3,4,4,0
"flat_80",80,1,300942920090625,"FLAT 80 HERONBANK APARTMENTS UNIVERSITY OF WARWICK COVENTRY CV4 7AL","CV4 7AL",85,86,"Flat","2009-06-25","2009-06-25","rental (private)",83,86,130,114,1.3,22,1.1,31,31,190,177,86,74,60,"Single","Y","Ground",2,"N","Mid-Terrace","no conservatory",100,"double glazing installed during or after 2002",0,"Normal",3,3,100,0,"Elmhurst Energy Systems",1,"From main system","good","Good","Solid, insulated (assumed)",NA,NA,"Fully double glazed","good","Good","Cavity wall, as built, insulated (assumed)","good","Good","None",NA,NA,"(another dwelling above)",NA,NA,"Boiler and underfloor heating, mains gas","Good","Good","Programmer, room thermostat and TRVs","average","Average","Low energy lighting in all fixed outlets","Poor","Very Good",NA,"heated corridor",NA,"Ground floor",0,"N","natural",4,NA,3,4,4,0
"flat_81",81,1,300482320090626,"FLAT 81 HERONBANK APARTMENTS UNIVERSITY OF WARWICK COVENTRY CV4 7AL","CV4 7AL",85,86,"Flat","2009-06-26","2009-06-26","rental (private)",84,85,130,116,1.3,22,1.1,31,31,189,180,86,74,60,"Single","Y","1st",2,"Y","Mid-Terrace","no conservatory",100,"double glazing installed during or after 2002",0,"Normal",2,2,100,0,"Elmhurst Energy Systems",1,"From main system","good","Good","(other premises below)",NA,NA,"Fully double glazed","good","Good","Cavity wall, as built, insulated (assumed)","good","Good","None",NA,NA,"Pitched, 200 mm loft insulation","good","Good","Boiler and radiators, mains gas","Good","Good","Programmer, room thermostat and TRVs","average","Average","Low energy lighting in all fixed outlets","Poor","Very Good",NA,"heated corridor",NA,"Other flat below",0,"N","natural",4,4,3,4,4,1
"flat_82",82,1,300645920090626,"FLAT 82 HERONBANK APARTMENTS UNIVERSITY OF WARWICK COVENTRY CV4 7AL","CV4 7AL",87,88,"Flat","2009-06-26","2009-06-26","rental (private)",86,88,104,93,1.1,17,1,34,34,158,152,89,77,64.58,"Single","Y","1st",3,"N","Enclosed End-Terrace","no conservatory",100,"double glazing installed during or after 2002",0,"Normal",2,2,100,0,"Elmhurst Energy Systems",1,"From main system","good","Good","(other premises below)",NA,NA,"Fully double glazed","good","Good","Cavity wall, as built, insulated (assumed)","good","Good","None",NA,NA,"(another dwelling above)",NA,NA,"Boiler and radiators, mains gas","Good","Good","Programmer, room thermostat and TRVs","average","Average","Low energy lighting in all fixed outlets","Poor","Very Good",NA,"heated corridor",NA,"Other flat below",0,"N","natural",4,NA,3,4,4,1
"flat_83",83,1,301948620090626,"FLAT 83 HERONBANK APARTMENTS UNIVERSITY OF WARWICK COVENTRY CV4 7AL","CV4 7AL",87,88,"Flat","2009-06-26","2009-06-26","rental (private)",86,88,104,93,1.1,17,1,23,23,70,67,52,45,64.58,"Single","Y","1st",3,"N","Enclosed End-Terrace","no conservatory",100,"double glazing installed during or after 2002",0,"Normal",2,2,100,0,"Elmhurst Energy Systems",1,"From main system","good","Good","(other premises below)",NA,NA,"Fully double glazed","good","Good","Cavity wall, as built, insulated (assumed)","good","Good","None",NA,NA,"(another dwelling above)",NA,NA,"Boiler and radiators, mains gas","Good","Good","Programmer, room thermostat and TRVs","average","Average","Low energy lighting in all fixed outlets","Poor","Very Good",NA,"heated corridor",NA,"Other flat below",0,"N","natural",4,NA,3,4,4,1
"flat_84",84,1,301523520090626,"FLAT 84 HERONBANK APARTMENTS UNIVERSITY OF WARWICK COVENTRY CV4 7AL","CV4 7AL",85,86,"Flat","2009-06-26","2009-06-26","rental (private)",84,86,129,114,1.3,21,1.1,31,31,188,178,86,74,60,"Single","Y","1st",2,"Y","Mid-Terrace","no conservatory",100,"double glazing installed during or after 2002",0,"Normal",3,3,100,0,"Elmhurst Energy Systems",1,"From main system","good","Good","(other premises below)",NA,NA,"Fully double glazed","good","Good","Cavity wall, as built, insulated (assumed)","good","Good","None",NA,NA,"Pitched, 200 mm loft insulation","good","Good","Boiler and radiators, mains gas","Good","Good","Programmer, room thermostat and TRVs","average","Average","Low energy lighting in all fixed outlets","Poor","Very Good",NA,"heated corridor",NA,"Other flat below",0,"N","natural",4,4,3,4,4,1
"flat_85",85,1,300985720090626,"FLAT 85 HERONBANK APARTMENTS UNIVERSITY OF WARWICK COVENTRY CV4 7AL","CV4 7AL",84,86,"Flat","2009-06-26","2009-06-26","rental (private)",83,85,129,114,1.4,21,1.2,34,34,197,186,89,77,64.58,"Single","Y","2nd",3,"Y","Enclosed End-Terrace","no conservatory",100,"double glazing installed during or after 2002",0,"Normal",2,2,100,0,"Elmhurst Energy Systems",1,"From main system","good","Good","(other premises below)",NA,NA,"Fully double glazed","good","Good","Cavity wall, as built, insulated (assumed)","good","Good","None",NA,NA,"Flat, insulated (assumed)","good","Good","Boiler and radiators, mains gas","Good","Good","Programmer, room thermostat and TRVs","average","Average","Low energy lighting in all fixed outlets","Poor","Very Good",NA,"heated corridor",NA,"Other flat below",0,"N","natural",4,4,3,4,4,2
"flat_86",86,1,301324420090626,"FLAT 86 HERONBANK APARTMENTS UNIVERSITY OF WARWICK COVENTRY CV4 7AL","CV4 7AL",84,85,"Flat","2009-06-26","2009-06-26","rental (private)",82,84,136,121,1.5,23,1.3,34,34,209,197,89,77,64.58,"Single","Y","2nd",3,"Y","End-Terrace","no conservatory",100,"double glazing installed during or after 2002",0,"Normal",2,2,100,0,"Elmhurst Energy Systems",1,"From main system","good","Good","(other premises below)",NA,NA,"Fully double glazed","good","Good","Cavity wall, as built, insulated (assumed)","good","Good","None",NA,NA,"Flat, insulated (assumed)","good","Good","Boiler and radiators, mains gas","Good","Good","Programmer, room thermostat and TRVs","average","Average","Low energy lighting in all fixed outlets","Poor","Very Good",NA,"heated corridor",NA,"Other flat below",0,"N","natural",4,4,3,4,4,2
"flat_87",87,2,301515120090625,"FLAT 87 HERONBANK APARTMENTS UNIVERSITY OF WARWICK COVENTRY CV4 7AL","CV4 7AL",85,86,"Flat","2009-06-25","2009-06-25","rental (private)",83,85,124,111,1.4,21,1.3,36,36,199,188,93,80,69,"Single","Y","Ground",2,"N","Mid-Terrace","no conservatory",100,"double glazing installed during or after 2002",0,"Normal",3,3,100,0,"Elmhurst Energy Systems",1,"From main system","good","Good","Solid, insulated (assumed)",NA,NA,"Fully double glazed","good","Good","Cavity wall, as built, insulated (assumed)","good","Good","None",NA,NA,"(another dwelling above)",NA,NA,"Boiler and radiators, mains gas","Good","Good","Programmer, room thermostat and TRVs","average","Average","Low energy lighting in all fixed outlets","Poor","Very Good",NA,"heated corridor",NA,"Ground floor",0,"N","natural",4,NA,3,4,4,0
"flat_88",88,2,300436320090625,"FLAT 88 HERONBANK APARTMENTS UNIVERSITY OF WARWICK COVENTRY CV4 7AL","CV4 7AL",83,85,"Flat","2009-06-25","2009-06-25","rental (private)",81,83,140,124,1.6,23,1.4,36,36,225,210,93,80,69,"Single","Y","Ground",2,"N","End-Terrace","no conservatory",100,"double glazing installed during or after 2002",0,"Normal",3,3,100,0,"Elmhurst Energy Systems",1,"From main system","good","Good","Solid, insulated (assumed)",NA,NA,"Fully double glazed","good","Good","Cavity wall, as built, insulated (assumed)","good","Good","None",NA,NA,"(another dwelling above)",NA,NA,"Boiler and radiators, mains gas","Good","Good","Programmer, room thermostat and TRVs","average","Average","Low energy lighting in all fixed outlets","Poor","Very Good",NA,"heated corridor",NA,"Ground floor",0,"N","natural",4,NA,3,4,4,0
"flat_89",89,2,301087720090626,"FLAT 89 HERONBANK APARTMENTS UNIVERSITY OF WARWICK COVENTRY CV4 7AL","CV4 7AL",84,86,"Flat","2009-06-26","2009-06-26","rental (private)",83,85,127,113,1.4,21,1.3,36,36,203,191,93,80,69,"Single","Y","1st",2,"Y","Mid-Terrace","no conservatory",100,"double glazing installed during or after 2002",0,"Normal",2,2,100,0,"Elmhurst Energy Systems",1,"From main system","good","Good","(other premises below)",NA,NA,"Fully double glazed","good","Good","Cavity wall, as built, insulated (assumed)","good","Good","None",NA,NA,"Pitched, 200 mm loft insulation","good","Good","Boiler and radiators, mains gas","Good","Good","Programmer, room thermostat and TRVs","average","Average","Low energy lighting in all fixed outlets","Poor","Very Good",NA,"heated corridor",NA,"Other flat below",0,"N","natural",4,4,3,4,4,1
"flat_90",90,2,301171720090626,"FLAT 90 HERONBANK APARTMENTS UNIVERSITY OF WARWICK COVENTRY CV4 7AL","CV4 7AL",83,85,"Flat","2009-06-26","2009-06-26","rental (private)",82,84,137,121,1.6,23,1.4,36,36,220,206,93,80,69,"Single","Y","1st",2,"Y","End-Terrace","no conservatory",100,"double glazing installed during or after 2002",0,"Normal",3,3,100,0,"Elmhurst Energy Systems",1,"From main system","good","Good","(other premises below)",NA,NA,"Fully double glazed","good","Good","Cavity wall, as built, insulated (assumed)","good","Good","None",NA,NA,"Pitched, 200 mm loft insulation","good","Good","Boiler and radiators, mains gas","Good","Good","Programmer, room thermostat and TRVs","average","Average","Low energy lighting in all fixed outlets","Poor","Very Good",NA,"heated corridor",NA,"Other flat below",0,"N","natural",4,4,3,4,4,1
"flat_91",91,2,300790420090625,"FLAT 91 HERONBANK APARTMENTS UNIVERSITY OF WARWICK COVENTRY CV4 7AL","CV4 7AL",83,85,"Flat","2009-06-25","2009-06-25","rental (private)",81,83,140,124,1.6,23,1.4,36,36,225,210,93,80,69,"Single","Y","Ground",2,"N","End-Terrace","no conservatory",100,"double glazing installed during or after 2002",0,"Normal",3,3,100,0,"Elmhurst Energy Systems",1,"From main system","good","Good","Solid, insulated (assumed)",NA,NA,"Fully double glazed","good","Good","Cavity wall, as built, insulated (assumed)","good","Good","None",NA,NA,"(another dwelling above)",NA,NA,"Boiler and radiators, mains gas","Good","Good","Programmer, room thermostat and TRVs","average","Average","Low energy lighting in all fixed outlets","Poor","Very Good",NA,"heated corridor",NA,"Ground floor",0,"N","natural",4,NA,3,4,4,0
"flat_92",92,2,301856420090625,"FLAT 92 HERONBANK APARTMENTS UNIVERSITY OF WARWICK COVENTRY CV4 7AL","CV4 7AL",85,86,"Flat","2009-06-25","2009-06-25","rental (private)",83,85,124,111,1.4,21,1.3,36,36,199,188,93,80,69,"Single","Y","Ground",2,"N","Mid-Terrace","no conservatory",100,"double glazing installed during or after 2002",0,"Normal",3,3,100,0,"Elmhurst Energy Systems",1,"From main system","good","Good","Solid, insulated (assumed)",NA,NA,"Fully double glazed","good","Good","Cavity wall, as built, insulated (assumed)","good","Good","None",NA,NA,"(another dwelling above)",NA,NA,"Boiler and radiators, mains gas","Good","Good","Programmer, room thermostat and TRVs","average","Average","Low energy lighting in all fixed outlets","Poor","Very Good",NA,"heated corridor",NA,"Ground floor",0,"N","natural",4,NA,3,4,4,0
"flat_93",93,2,301739020090626,"FLAT 93 HERONBANK APARTMENTS UNIVERSITY OF WARWICK COVENTRY CV4 7AL","CV4 7AL",83,85,"Flat","2009-06-26","2009-06-26","rental (private)",82,84,137,121,1.6,23,1.4,36,36,220,206,93,80,69,"Single","Y","1st",2,"Y","End-Terrace","no conservatory",100,"double glazing installed during or after 2002",0,"Normal",3,3,100,0,"Elmhurst Energy Systems",1,"From main system","good","Good","(other premises below)",NA,NA,"Fully double glazed","good","Good","Cavity wall, as built, insulated (assumed)","good","Good","None",NA,NA,"Pitched, 200 mm loft insulation","good","Good","Boiler and radiators, mains gas","Good","Good","Programmer, room thermostat and TRVs","average","Average","Low energy lighting in all fixed outlets","Poor","Very Good",NA,"heated corridor",NA,"Other flat below",0,"N","natural",4,4,3,4,4,1
"flat_94",94,2,300817520090626,"FLAT 94 HERONBANK APARTMENTS UNIVERSITY OF WARWICK COVENTRY CV4 7AL","CV4 7AL",84,86,"Flat","2009-06-26","2009-06-26","rental (private)",83,85,127,113,1.4,21,1.3,36,36,203,191,93,80,69,"Single","Y","1st",2,"Y","Mid-Terrace","no conservatory",100,"double glazing installed during or after 2002",0,"Normal",2,2,100,0,"Elmhurst Energy Systems",1,"From main system","good","Good","(other premises below)",NA,NA,"Fully double glazed","good","Good","Cavity wall, as built, insulated (assumed)","good","Good","None",NA,NA,"Pitched, 200 mm loft insulation","good","Good","Boiler and radiators, mains gas","Good","Good","Programmer, room thermostat and TRVs","average","Average","Low energy lighting in all fixed outlets","Poor","Very Good",NA,"heated corridor",NA,"Other flat below",0,"N","natural",4,4,3,4,4,1
"flat_95",95,2,301469020090626,"FLAT 95 HERONBANK APARTMENTS UNIVERSITY OF WARWICK COVENTRY CV4 7AL","CV4 7AL",84,86,"Flat","2009-06-26","2009-06-26","rental (private)",83,85,126,112,1.4,21,1.3,36,36,202,191,93,81,69.33,"Single","Y","Ground",2,"N","Enclosed Mid-Terrace","no conservatory",100,"double glazing installed during or after 2002",0,"Normal",3,3,100,0,"Elmhurst Energy Systems",1,"From main system","good","Good","Solid, insulated (assumed)",NA,NA,"Fully double glazed","good","Good","Cavity wall, as built, insulated (assumed)","good","Good","None",NA,NA,"(another dwelling above)",NA,NA,"Boiler and radiators, mains gas","Good","Good","Programmer, room thermostat and TRVs","average","Average","Low energy lighting in all fixed outlets","Poor","Very Good",NA,"heated corridor",NA,"Ground floor",0,"N","natural",4,NA,3,4,4,0
"flat_96",96,2,300652420090626,"FLAT 96 HERONBANK APARTMENTS UNIVERSITY OF WARWICK COVENTRY CV4 7AL","CV4 7AL",84,86,"Flat","2009-06-26","2009-06-26","rental (private)",83,85,126,112,1.4,21,1.3,36,36,202,191,93,81,69.33,"Single","Y","Ground",2,"N","Enclosed Mid-Terrace","no conservatory",100,"double glazing installed during or after 2002",0,"Normal",3,3,100,0,"Elmhurst Energy Systems",1,"From main system","good","Good","Solid, insulated (assumed)",NA,NA,"Fully double glazed","good","Good","Cavity wall, as built, insulated (assumed)","good","Good","None",NA,NA,"(another dwelling above)",NA,NA,"Boiler and radiators, mains gas","Good","Good","Programmer, room thermostat and TRVs","average","Average","Low energy lighting in all fixed outlets","Poor","Very Good",NA,"heated corridor",NA,"Ground floor",0,"N","natural",4,NA,3,4,4,0
"flat_97",97,2,301125820090626,"FLAT 97 HERONBANK APARTMENTS UNIVERSITY OF WARWICK COVENTRY CV4 7AL","CV4 7AL",84,86,"Flat","2009-06-26","2009-06-26","rental (private)",83,85,127,113,1.5,21,1.3,36,36,205,193,93,81,69.33,"Single","Y","1st",2,"Y","Enclosed Mid-Terrace","no conservatory",100,"double glazing installed during or after 2002",0,"Normal",2,2,100,0,"Elmhurst Energy Systems",1,"From main system","good","Good","(other premises below)",NA,NA,"Fully double glazed","good","Good","Cavity wall, as built, insulated (assumed)","good","Good","None",NA,NA,"Pitched, 200 mm loft insulation","good","Good","Boiler and radiators, mains gas","Good","Good","Programmer, room thermostat and TRVs","average","Average","Low energy lighting in all fixed outlets","Poor","Very Good",NA,"heated corridor",NA,"Other flat below",0,"N","natural",4,4,3,4,4,1
"flat_98",98,2,301079720090626,"FLAT 98 HERONBANK APARTMENTS UNIVERSITY OF WARWICK COVENTRY CV4 7AL","CV4 7AL",84,86,"Flat","2009-06-26","2009-06-26","rental (private)",83,85,126,112,1.4,21,1.3,36,36,202,191,93,81,69.33,"Single","Y","1st",2,"Y","Enclosed Mid-Terrace","no conservatory",100,"double glazing installed during or after 2002",0,"Normal",3,3,100,0,"Elmhurst Energy Systems",1,"From main system","good","Good","(other premises below)",NA,NA,"Fully double glazed","good","Good","Cavity wall, as built, insulated (assumed)","good","Good","None",NA,NA,"Pitched, 200 mm loft insulation","good","Good","Boiler and radiators, mains gas","Good","Good","Programmer, room thermostat and TRVs","average","Average","Low energy lighting in all fixed outlets","Poor","Very Good",NA,"heated corridor",NA,"Other flat below",0,"N","natural",4,4,3,4,4,1
"flat_99",99,2,300758820090626,"FLAT 99 HERONBANK APARTMENTS UNIVERSITY OF WARWICK COVENTRY CV4 7AL","CV4 7AL",85,86,"Flat","2009-06-26","2009-06-26","rental (private)",83,85,124,111,1.4,21,1.3,36,36,199,188,93,80,69,"Single","Y","Ground",2,"N","Mid-Terrace","no conservatory",100,"double glazing installed during or after 2002",0,"Normal",3,3,100,0,"Elmhurst Energy Systems",1,"From main system","good","Good","Solid, insulated (assumed)",NA,NA,"Fully double glazed","good","Good","Cavity wall, as built, insulated (assumed)","good","Good","None",NA,NA,"(another dwelling above)",NA,NA,"Boiler and radiators, mains gas","Good","Good","Programmer, room thermostat and TRVs","average","Average","Low energy lighting in all fixed outlets","Poor","Very Good",NA,"heated corridor",NA,"Ground floor",0,"N","natural",4,NA,3,4,4,0
"flat_100",100,2,300809520090626,"FLAT 100 HERONBANK APARTMENTS UNIVERSITY OF WARWICK COVENTRY CV4 7AL","CV4 7AL",83,85,"Flat","2009-06-26","2009-06-26","rental (private)",81,83,140,124,1.6,23,1.4,36,36,225,210,93,80,69,"Single","Y","Ground",2,"N","End-Terrace","no conservatory",100,"double glazing installed during or after 2002",0,"Normal",3,3,100,0,"Elmhurst Energy Systems",1,"From main system","good","Good","Solid, insulated (assumed)",NA,NA,"Fully double glazed","good","Good","Cavity wall, as built, insulated (assumed)","good","Good","None",NA,NA,"(another dwelling above)",NA,NA,"Boiler and radiators, mains gas","Good","Good","Programmer, room thermostat and TRVs","average","Average","Low energy lighting in all fixed outlets","Poor","Very Good",NA,"heated corridor",NA,"Ground floor",0,"N","natural",4,NA,3,4,4,0
"flat_101",101,2,300892220090626,"FLAT 101 HERONBANK APARTMENTS UNIVERSITY OF WARWICK COVENTRY CV4 7AL","CV4 7AL",84,86,"Flat","2009-06-26","2009-06-26","rental (private)",83,85,125,111,1.4,21,1.3,36,36,200,189,93,80,69,"Single","Y","1st",2,"Y","Mid-Terrace","no conservatory",100,"double glazing installed during or after 2002",0,"Normal",3,3,100,0,"Elmhurst Energy Systems",1,"From main system","good","Good","(other premises below)",NA,NA,"Fully double glazed","good","Good","Cavity wall, as built, insulated (assumed)","good","Good","None",NA,NA,"Pitched, 200 mm loft insulation","good","Good","Boiler and radiators, mains gas","Good","Good","Programmer, room thermostat and TRVs","average","Average","Low energy lighting in all fixed outlets","Poor","Very Good",NA,"heated corridor",NA,"Other flat below",0,"N","natural",4,4,3,4,4,1
"flat_102",102,2,301003520090626,"FLAT 102 HERONBANK APARTMENTS UNIVERSITY OF WARWICK COVENTRY CV4 7AL","CV4 7AL",83,85,"Flat","2009-06-26","2009-06-26","rental (private)",82,84,137,121,1.6,23,1.4,36,36,220,206,93,80,69,"Single","Y","1st",2,"Y","End-Terrace","no conservatory",100,"double glazing installed during or after 2002",0,"Normal",3,3,100,0,"Elmhurst Energy Systems",1,"From main system","good","Good","(other premises below)",NA,NA,"Fully double glazed","good","Good","Cavity wall, as built, insulated (assumed)","good","Good","None",NA,NA,"Pitched, 200 mm loft insulation","good","Good","Boiler and radiators, mains gas","Good","Good","Programmer, room thermostat and TRVs","average","Average","Low energy lighting in all fixed outlets","Poor","Very Good",NA,"heated corridor",NA,"Other flat below",0,"N","natural",4,4,3,4,4,1
